,home,away,home_goal,away_goal,home_shots,away_shots,home_possession,away_possession,outcome,win_prob,draw_prob,lose_prob,RPS,BS
200,Everton,Leicester City,0,1,10,8,0.59,0.41,-1.0,0.4094868617366496,0.26506235007973766,0.3254507881836131,0.31134806454851965,0.23098472617561075
201,Arsenal,Fulham,4,1,14,9,0.59,0.41,1.0,0.799991840375761,0.10984313309210231,0.09016502653213683,0.024066497962907996,0.020066169937768438
202,Cardiff City,Tottenham Hotspur,0,3,6,11,0.26,0.74,-1.0,0.1530523547973773,0.18960512725789838,0.6573425179447246,0.07041958665874191,0.058929759199989155
203,Chelsea,Southampton,0,0,9,6,0.71,0.29,0.0,0.7839262154899406,0.14413809250779722,0.07193569200226216,0.3098575275581125,0.4507382199374723
204,Huddersfield Town,Burnley,1,2,6,16,0.42,0.58,-1.0,0.4315537169893301,0.2561481673386729,0.3122981156719971,0.32958624617779636,0.24159479199551784
205,West Ham United,Brighton & Hove Albion,2,2,13,9,0.54,0.46,0.0,0.4774066256662756,0.22503520140056638,0.2975581729331581,0.1582289762546893,0.3056761305258798
206,Wolverhampton Wanderers,Crystal Palace,0,2,7,11,0.51,0.49,-1.0,0.46227436953552253,0.3206351885500237,0.21709044191445365,0.4133224844355851,0.30981729766922644
207,AFC Bournemouth,Watford,3,3,21,10,0.57,0.43,0.0,0.4874486343455825,0.2236848547209311,0.28886651093348625,0.1605250161321297,0.3079050790179737
208,Newcastle United,Manchester United,0,2,12,14,0.34,0.66,-1.0,0.3418569737888198,0.26146795598252487,0.3966750702286559,0.24043358070582388,0.18307755113910887
209,Manchester City,Liverpool,2,1,9,8,0.49,0.51,1.0,0.4511447733448523,0.26389164506416435,0.28496358159098273,0.1912231513299172,0.1506950343315017
210,West Ham United,Arsenal,1,0,11,11,0.41,0.59,1.0,0.2946603003909714,0.1881487001021628,0.5171909995068658,0.3824953109077328,0.2667968517218664
211,Brighton & Hove Albion,Liverpool,0,1,6,9,0.29,0.71,-1.0,0.11854136153698078,0.20788460535088343,0.6735740331121356,0.0603029831268591,0.0546073251318703
212,Burnley,Fulham,2,1,7,9,0.41,0.59,1.0,0.460497192096288,0.20361420056752275,0.33588860733618886,0.2019422181371172,0.14844772631566186
213,Cardiff City,Huddersfield Town,0,0,0,7,0.38,0.62,0.0,0.4521726724446467,0.2669839339214502,0.2808433936339032,0.14166656872677064,0.27354856352760476
214,Crystal Palace,Watford,1,2,13,12,0.55,0.45,-1.0,0.3187496094963002,0.3138313048496931,0.36741908565400677,0.25087996337442836,0.20008333821750593
215,Leicester City,Southampton,1,2,15,7,0.71,0.29,-1.0,0.6460729246731605,0.21448774562028505,0.1394393297065545,0.5789874456258177,0.40132662809096925
216,Chelsea,Newcastle United,2,1,9,9,0.65,0.35,1.0,0.6377732753594202,0.23027264175269566,0.1319540828878844,0.07431004001731252,0.06721518985813014
217,Everton,AFC Bournemouth,2,0,12,15,0.5,0.5,1.0,0.44314447109122845,0.22747317558958205,0.3293823533191894,0.20929040737717755,0.1567749534557213
218,Tottenham Hotspur,Manchester United,0,1,18,12,0.61,0.39,-1.0,0.569555340886542,0.1790864559497812,0.2513582031636767,0.4424289131513519,0.3056432616691189
219,Manchester City,Wolverhampton Wanderers,3,0,17,2,0.76,0.24,1.0,0.7881072664354013,0.14411220640688124,0.06778052715771753,0.024746365199628043,0.02342035281157188
220,Wolverhampton Wanderers,Leicester City,4,3,11,12,0.45,0.55,1.0,0.3182833980771536,0.2909797380746129,0.3907368638482333,0.3087064110535928,0.23402734335905195
221,AFC Bournemouth,West Ham United,2,0,10,8,0.38,0.62,1.0,0.4583959710737543,0.21399679740325925,0.3276072315229861,0.2003307111476486,0.1488186838647162
222,Liverpool,Crystal Palace,4,3,17,7,0.7,0.3,1.0,0.802501196885953,0.1974988031048296,9.21739760126891e-12,0.01950288861574055,0.02600385148644045
223,Manchester United,Brighton & Hove Albion,2,1,15,7,0.56,0.44,1.0,0.5134701806364597,0.1953940505368021,0.29113576882673825,0.1607356505101276,0.11988337866847786
224,Newcastle United,Cardiff City,3,0,12,7,0.53,0.47,1.0,0.5067863028868774,0.2861388757746132,0.20707482133850943,0.1430698663261853,0.12267172962731004
225,Southampton,Everton,2,1,9,4,0.39,0.61,1.0,0.19540659854474773,0.2413865780854411,0.5632068233698109,0.4822862337778232,0.34094664921181494
226,Watford,Burnley,0,0,8,11,0.54,0.46,0.0,0.6027349487293653,0.2056343028961489,0.19163074837448577,0.20000588107117806,0.3436762076258811
227,Arsenal,Chelsea,2,0,13,11,0.35,0.65,1.0,0.43322622671030586,0.17915385686761645,0.3876199164220778,0.23574085484804805,0.1678592713755462
228,Huddersfield Town,Manchester City,0,3,6,11,0.32,0.68,-1.0,0.044555328010055024,0.13457550196474086,0.820869170025204,0.01703651575077141,0.017394532410201616
229,Fulham,Tottenham Hotspur,1,2,10,12,0.26,0.74,-1.0,0.10173782210864053,0.14818774777802765,0.7500744301133317,0.03640668746529263,0.03159099450736987
230,Arsenal,Cardiff City,2,1,10,12,0.7,0.3,1.0,0.7356826057675979,0.1386573598190916,0.12566003441331017,0.042827064571280715,0.03495999752485413
231,Fulham,Brighton & Hove Albion,4,2,18,11,0.61,0.39,1.0,0.25249292706157866,0.21160993600724573,0.5358971369311754,0.4229762827319988,0.29691044349366263
232,Huddersfield Town,Everton,0,1,9,10,0.58,0.42,-1.0,0.1860426080964752,0.27185007156347996,0.5421073203400448,0.12213877905675649,0.10606000650752738
233,Wolverhampton Wanderers,West Ham United,3,0,14,4,0.54,0.46,1.0,0.35692496557511016,0.2783213385621674,0.3647536958627221,0.27329537927304437,0.2080178420150417
234,Manchester United,Burnley,2,2,21,5,0.74,0.26,0.0,0.6720144033679828,0.1552005375723645,0.1727850590596527,0.24072901748413678,0.3983813888954318
235,Newcastle United,Manchester City,2,1,6,8,0.23,0.77,1.0,0.07948947981258597,0.1796185767001909,0.740891943487223,0.698130244849989,0.4761744409319267
236,AFC Bournemouth,Chelsea,4,0,10,10,0.32,0.68,1.0,0.29707046605962695,0.19980680155966088,0.5031227323807123,0.3736212067619319,0.2623883904911219
237,Southampton,Crystal Palace,1,1,10,13,0.58,0.42,0.0,0.30308764937532967,0.2947492104652474,0.4021631401594228,0.12679865725337522,0.2503253302153807
238,Liverpool,Leicester City,1,1,9,5,0.72,0.28,0.0,0.6863881495043037,0.21975570203458353,0.09385614846111297,0.23996883419194842,0.36290627763048083
239,Tottenham Hotspur,Watford,2,1,10,7,0.68,0.32,1.0,0.6135819436290508,0.20298595592849078,0.18343210044245845,0.0914831248811171,0.07472318268881248
240,Tottenham Hotspur,Newcastle United,1,0,13,6,0.71,0.29,1.0,0.6420691505110225,0.22684316702547977,0.13108768246349772,0.07264923675477591,0.06558543197856719
241,Brighton & Hove Albion,Watford,0,0,18,6,0.55,0.45,0.0,0.4126700102249322,0.24612066129550894,0.3412093284795584,0.14336017159025857,0.2850181335020125
242,Burnley,Southampton,1,1,10,8,0.54,0.46,0.0,0.4041062816414293,0.2286751815686638,0.3672185367899066,0.14907567031209118,0.2976977720507719
243,Chelsea,Huddersfield Town,5,0,16,4,0.65,0.35,1.0,0.7613143642734885,0.16552016771503084,0.07316546801148112,0.03116200920575396,0.029906981443973312
244,Crystal Palace,Fulham,2,0,12,8,0.37,0.63,1.0,0.5406093572446252,0.24612889765294005,0.21326174510243434,0.1282601672876661,0.10569992294506116
245,Everton,Wolverhampton Wanderers,1,3,7,7,0.64,0.36,-1.0,0.4649444853666389,0.2766313777205034,0.25842413691285837,0.38305406759314437,0.2808776847752772
246,Cardiff City,AFC Bournemouth,2,0,6,8,0.26,0.74,1.0,0.2798668882535876,0.21273523773450595,0.5073978740119072,0.38802215059268674,0.27376686085311036
247,Leicester City,Manchester United,0,1,15,9,0.44,0.56,-1.0,0.4515187631564944,0.21539539376074332,0.3330858430827626,0.3243218430895003,0.23167962061078193
248,Manchester City,Arsenal,3,1,16,3,0.58,0.42,1.0,0.6680650726146564,0.14946616470411564,0.18246876268122794,0.0717378226863658,0.05527192658802981
249,West Ham United,Liverpool,1,1,10,10,0.26,0.74,0.0,0.1243601203583916,0.23687563454220273,0.6387642450994057,0.2117426001764836,0.3352813325027777
250,Everton,Manchester City,0,2,2,9,0.38,0.62,-1.0,0.14750518427218856,0.19051079516638186,0.6619840205614295,0.06800629087149418,0.05743564827263852
251,Fulham,Manchester United,0,3,11,12,0.51,0.49,-1.0,0.22641885828623784,0.17619981941652807,0.5973813222972343,0.1066836495113836,0.08147122512839469
252,Crystal Palace,West Ham United,1,1,16,5,0.57,0.43,0.0,0.25864652833504337,0.3031644616755854,0.4381890099893709,0.12945381754761784,0.24816246752237067
253,Huddersfield Town,Arsenal,1,2,14,9,0.54,0.46,-1.0,0.14086099013570585,0.1834017214797486,0.6757372883845459,0.0624940623431094,0.05287477204265128
254,Liverpool,AFC Bournemouth,3,0,16,8,0.65,0.35,1.0,0.7039895708972147,0.18465583673606067,0.11135459236672492,0.050011009689387244,0.04470659913982308
255,Southampton,Cardiff City,1,2,13,7,0.66,0.34,-1.0,0.3879056268222381,0.23656180686809525,0.3755325663096668,0.2702151755300721,0.19879727984294737
256,Watford,Everton,1,0,6,9,0.44,0.56,1.0,0.3359990772575794,0.27062497541673547,0.3933759473256851,0.2978209306685831,0.22295991288549163
257,Brighton & Hove Albion,Burnley,1,3,11,8,0.68,0.32,-1.0,0.5968827496770578,0.19048406885482766,0.2126331814681146,0.4881077618935341,0.337499901424853
258,Tottenham Hotspur,Leicester City,3,1,8,19,0.53,0.47,1.0,0.5515499806057693,0.21030576068829246,0.23814425870593822,0.12891005392464336,0.10068287360932267
259,Manchester City,Chelsea,6,0,15,8,0.55,0.45,1.0,0.6357562322941513,0.18029864734565446,0.1839451203601945,0.08325466480843928,0.06633897728385045
260,Wolverhampton Wanderers,Newcastle United,1,1,15,6,0.59,0.41,0.0,0.3174629336759629,0.3722801852073039,0.3102568811167325,0.09852102326921577,0.19702473747393592
261,Cardiff City,Watford,1,5,12,12,0.35,0.65,-1.0,0.32789088034568886,0.2504520924218487,0.42165702723246246,0.22099651178173177,0.16823975805398192
262,West Ham United,Fulham,3,1,17,8,0.55,0.45,1.0,0.6642398059999215,0.18272359146490832,0.1530366025351703,0.068077554795239,0.05651434015610426
263,Burnley,Tottenham Hotspur,2,1,8,12,0.3,0.7,1.0,0.1373330011726756,0.1506443965239421,0.7120226023033822,0.6255852685283116,0.424621423753562
264,AFC Bournemouth,Wolverhampton Wanderers,1,1,9,8,0.44,0.56,0.0,0.4772976355954802,0.23494418197742972,0.28775818242709006,0.15530890224938915,0.29864273639632083
265,Newcastle United,Huddersfield Town,2,0,24,2,0.54,0.46,1.0,0.5429354219067087,0.3363071138552716,0.12075746423802007,0.11174519685839747,0.11219762284881923
266,Leicester City,Crystal Palace,1,4,16,8,0.65,0.35,-1.0,0.5482618712406184,0.28386581183537096,0.16787231692401064,0.4965137801988393,0.357869119842211
267,Arsenal,Southampton,2,0,9,8,0.62,0.38,1.0,0.7658294196257228,0.13460280704171587,0.09956777333256109,0.03237480109961506,0.027622505954246493
268,Manchester United,Liverpool,0,0,5,6,0.35,0.65,0.0,0.14893773335003438,0.20698166567178167,0.6440806009781839,0.2185111344859323,0.35530011585085547
269,Cardiff City,Everton,0,3,6,10,0.32,0.68,-1.0,0.24563106389429734,0.24120935943271357,0.5131595766729891,0.1486741086675338,0.11851005747100253
270,Huddersfield Town,Wolverhampton Wanderers,1,0,13,6,0.49,0.51,1.0,0.22025525497437545,0.29432260031020746,0.48542214471541645,0.4218182629875958,0.31008743967618435
271,Leicester City,Brighton & Hove Albion,2,1,13,13,0.49,0.51,1.0,0.49739402764658924,0.22800989266708818,0.27459607968632277,0.16400788521220738,0.12666809385949063
272,Newcastle United,Burnley,2,0,13,9,0.54,0.46,1.0,0.5425188251767136,0.2558140830161025,0.2016670918071844,0.12497932061783076,0.10513316210167704
273,Arsenal,AFC Bournemouth,5,1,12,9,0.64,0.36,1.0,0.5937272343787514,0.15906759359464184,0.24720517202660658,0.11308397858112111,0.08382348549807743
274,Southampton,Fulham,2,0,12,9,0.4,0.6,1.0,0.47837904362625355,0.21691511486721266,0.30470584150653396,0.18246703598823336,0.1373287463447743
275,Crystal Palace,Manchester United,1,3,14,10,0.45,0.55,-1.0,0.3083004697690602,0.25747690283921126,0.4342226273917283,0.2075766075076711,0.16048252350367168
276,Chelsea,Tottenham Hotspur,2,0,10,6,0.46,0.54,1.0,0.4750646400113997,0.20239773432846378,0.3225376256601366,0.1897938260664199,0.1401841649980451
277,Liverpool,Watford,5,0,15,5,0.61,0.39,1.0,0.7361589711799904,0.20061021557931535,0.06323081324069413,0.03680511211594034,0.03795156094222001
278,Manchester City,West Ham United,1,0,18,3,0.75,0.25,1.0,0.7739509473383297,0.13656806068709593,0.08948099197457433,0.029552511066996218,0.025918619111275586
279,Tottenham Hotspur,Arsenal,1,1,11,7,0.6,0.4,0.0,0.4217693003690687,0.17582089479657118,0.4024098048343609,0.16991149688032076,0.33969806373818884
280,AFC Bournemouth,Manchester City,0,1,0,18,0.18,0.82,-1.0,0.1536260514830712,0.15634476042667683,0.6900291880902517,0.05984143396513383,0.04804218401438093
281,Brighton & Hove Albion,Huddersfield Town,1,0,11,5,0.52,0.48,1.0,0.5560499222226285,0.2522033835786675,0.19174669419870385,0.11692923314733275,0.09915500432773133
282,Burnley,Crystal Palace,1,3,15,9,0.56,0.44,-1.0,0.31968829023288053,0.2688901688191624,0.41142154094795713,0.22431260268604986,0.17364237608656583
283,Manchester United,Southampton,3,2,16,8,0.64,0.36,1.0,0.6149193053149621,0.18700749062624167,0.19807320405879636,0.09376006779261446,0.07416397904518428
284,Wolverhampton Wanderers,Cardiff City,2,0,12,9,0.56,0.44,1.0,0.5370469956163834,0.23942821083927918,0.22352479354433727,0.13214440879842781,0.10720489524751797
285,West Ham United,Newcastle United,2,0,8,9,0.55,0.45,1.0,0.45021112955107134,0.29786919551570273,0.2519196749332254,0.18286566234398555,0.15148579410838092
286,Watford,Leicester City,2,1,6,9,0.39,0.61,1.0,0.3449806313592169,0.26849114637875504,0.38652822226202843,0.2892272199498069,0.2168473118611307
287,Fulham,Chelsea,1,2,10,13,0.36,0.64,-1.0,0.09322605694189601,0.13784889698959574,0.7689250460685084,0.031043366013687335,0.02702968347620759
288,Everton,Liverpool,0,0,7,7,0.42,0.58,0.0,0.11975867280269244,0.2688681006248298,0.6113732265724774,0.1940596809405523,0.30755773872168274
289,Crystal Palace,Brighton & Hove Albion,1,2,9,5,0.62,0.38,-1.0,0.3024724559519787,0.2980184357846838,0.399509108263337,0.2260394488341569,0.18029796191195469
290,Cardiff City,West Ham United,2,0,14,8,0.29,0.71,1.0,0.27700739056174084,0.2378333826978285,0.48515922674043066,0.3790488942968579,0.2715541688397359
291,Huddersfield Town,AFC Bournemouth,0,2,5,9,0.56,0.44,-1.0,0.22414859051546812,0.23997378640172953,0.5358776230828025,0.13282608569267015,0.10774652984844102
292,Leicester City,Fulham,3,1,17,5,0.52,0.48,1.0,0.6914478477639229,0.17869314159020838,0.1298590106458688,0.05603389664771958,0.047999677382272475
293,Newcastle United,Everton,3,2,15,6,0.45,0.55,1.0,0.29676920809849394,0.3313604430516289,0.37187034884987785,0.31641055151607433,0.2475402820838403
294,Southampton,Tottenham Hotspur,2,1,9,15,0.36,0.64,1.0,0.09955235268384714,0.18316338282217584,0.7172842644939772,0.6626513408239303,0.4529505021515745
295,Manchester City,Watford,3,1,17,2,0.71,0.29,1.0,0.7873802272736622,0.13762530812615936,0.07499446460017853,0.02541566873743348,0.02325735430389576
296,Liverpool,Burnley,4,2,14,3,0.68,0.32,1.0,0.8650631596445568,0.10468166888757688,0.030255171467866326,0.009561663142830175,0.010027192695582877
297,Chelsea,Wolverhampton Wanderers,1,1,9,3,0.75,0.25,0.0,0.6326526980974225,0.21591429239670734,0.1514330095058703,0.2115906963889767,0.3459905965485699
298,Arsenal,Manchester United,2,0,11,12,0.46,0.54,1.0,0.5907280994809068,0.1572418938609431,0.25203000665815023,0.11551130640530888,0.08524920866519796
299,AFC Bournemouth,Newcastle United,2,2,11,9,0.48,0.52,0.0,0.5047845281424488,0.25194403121340103,0.24327144064415032,0.15699420684253748,0.2911920487074441
300,Burnley,Leicester City,1,2,10,5,0.62,0.38,-1.0,0.2112968932897382,0.20232813345500367,0.5863749732552579,0.10786601993174172,0.08555623781695647
301,West Ham United,Huddersfield Town,4,3,11,12,0.64,0.36,1.0,0.6005468993778839,0.24275563591614566,0.15669746470597035,0.09205843752095065,0.08101572460365117
302,Fulham,Liverpool,1,2,5,14,0.37,0.63,-1.0,0.01718839242369935,0.12327272731745192,0.8595388802588486,0.01001238349652456,0.011740310764444003
303,Everton,Chelsea,2,0,13,11,0.32,0.68,1.0,0.28479841906314507,0.24077375675435772,0.4744278241824978,0.36829753086655753,0.2648556878915741
304,Fulham,Manchester City,0,2,4,16,0.34,0.66,-1.0,0.04148592680719312,0.09034984528148468,0.8681642279113218,0.009550876462634791,0.009088282489219307
305,Brighton & Hove Albion,Southampton,0,1,11,7,0.6,0.4,-1.0,0.564734867976402,0.2264892159269886,0.20877591609660864,0.472480511028542,0.3320861289961024
306,Burnley,Wolverhampton Wanderers,2,0,5,5,0.37,0.63,1.0,0.2544306666925266,0.23345127870292695,0.512118054604546,0.4090692663102477,0.2908793440495089
307,Crystal Palace,Huddersfield Town,2,0,12,13,0.48,0.52,1.0,0.45523970657934976,0.3254548374667321,0.21930545595391832,0.17242933014945444,0.15025983717646865
308,Leicester City,AFC Bournemouth,2,0,14,7,0.58,0.42,1.0,0.4363006598403955,0.22121919126989023,0.34248014888971495,0.21752479923994714,0.16132917635533303
309,Manchester United,Watford,2,1,7,15,0.51,0.49,1.0,0.47537375964154316,0.21861277425966827,0.30601346609878827,0.18443846675322187,0.13888949285865074
310,West Ham United,Everton,0,2,4,14,0.49,0.51,-1.0,0.3849032558366637,0.25577373925612107,0.35932300490721497,0.27930876419739215,0.20801257802928097
311,Cardiff City,Chelsea,1,2,8,13,0.28,0.72,-1.0,0.15092198891226707,0.19331990793360848,0.6557581031541245,0.07063996514064046,0.059550839028246566
312,Liverpool,Tottenham Hotspur,2,1,12,10,0.48,0.52,1.0,0.5933371062100447,0.23169993931919278,0.17496295447076254,0.09799337231137932,0.08322386883442541
313,Arsenal,Newcastle United,2,0,6,4,0.7,0.3,1.0,0.6730771705986391,0.18217702825754195,0.14474580114381883,0.06391494166627863,0.05367278431910216
314,Watford,Fulham,4,1,9,11,0.46,0.54,1.0,0.6120610436292385,0.20324976570736675,0.18468919066339531,0.09230336550896769,0.075305732759345
315,Wolverhampton Wanderers,Manchester United,2,1,8,12,0.49,0.51,1.0,0.39378292570908946,0.23879948853891256,0.3674175857519984,0.2512474117408291,0.18650667306936822
316,Chelsea,Brighton & Hove Albion,3,0,13,4,0.68,0.32,1.0,0.6509316530794041,0.1757675936500548,0.17330075327054117,0.0759409309530072,0.0609253696278484
317,Tottenham Hotspur,Crystal Palace,2,0,20,6,0.65,0.35,1.0,0.6985956034824019,0.2090842805622286,0.09232011595536947,0.04968380702507518,0.047694616809458364
318,Manchester City,Cardiff City,2,0,26,4,0.78,0.22,1.0,0.8616056793918282,0.09475021587480177,0.04364410473336989,0.01052889792728741,0.010011799754298781
319,Southampton,Liverpool,1,3,8,13,0.33,0.67,-1.0,3.929951644307165e-12,0.1596532116965389,0.8403467882995312,0.01274457400313736,0.016992765337098186
320,AFC Bournemouth,Burnley,1,3,8,8,0.59,0.41,-1.0,0.6720171018834522,0.1606759230261296,0.1673069750904179,0.5724923294784519,0.3902671370657343
321,Huddersfield Town,Leicester City,1,4,8,17,0.44,0.56,-1.0,0.180727286108706,0.27438695439071503,0.544885759500579,0.11989566192479148,0.10502650819646507
322,Newcastle United,Crystal Palace,0,1,15,4,0.53,0.47,-1.0,0.45479700773124093,0.39507700719809363,0.15012598507066588,0.46456307974669864,0.361737333703333
323,Everton,Arsenal,1,0,16,6,0.42,0.58,1.0,0.32281134472597867,0.20508742552609122,0.4721012297479298,0.3407320229806727,0.24117496602342162
324,Chelsea,West Ham United,2,0,14,6,0.54,0.46,1.0,0.6036779413870175,0.19665211430526583,0.19966994430771684,0.09846963040153953,0.07853710495460348
325,Leicester City,Newcastle United,0,1,12,11,0.71,0.29,-1.0,0.4721834702252352,0.30525026703591457,0.22256626273885066,0.413680222692892,0.3068460569704268
326,Tottenham Hotspur,Huddersfield Town,4,0,14,7,0.7,0.3,1.0,0.756442072628751,0.17106723427384535,0.07249069309740368,0.032287682285560296,0.0312797877377411
327,Brighton & Hove Albion,AFC Bournemouth,0,5,5,12,0.5,0.5,-1.0,0.3674451246903985,0.20775980428264285,0.42479507102695857,0.232938314986812,0.1696802554163954
328,Burnley,Cardiff City,2,0,14,10,0.46,0.54,1.0,0.36925126907735084,0.2203784776481097,0.41037025327453897,0.28312385316657107,0.20493812658121335
329,Fulham,Everton,2,0,13,8,0.4,0.6,1.0,0.17670436300870038,0.20137883419164188,0.6219168027996579,0.532298107746729,0.3683832167846144
330,Southampton,Wolverhampton Wanderers,3,1,11,11,0.3,0.7,1.0,0.23437186476309774,0.2581156454220954,0.507512489814807,0.42187768439218043,0.30345968506534193
331,Manchester United,West Ham United,2,1,10,11,0.42,0.58,1.0,0.45112467636889403,0.20857431244349664,0.34030101118760914,0.2085344495532303,0.15352404763924596
332,Crystal Palace,Manchester City,1,3,6,14,0.27,0.73,-1.0,0.059662974920279284,0.17051162608140435,0.7698253989983161,0.028270008761311066,0.028538077383848965
333,Liverpool,Chelsea,2,0,11,6,0.61,0.39,1.0,0.567136351072843,0.2510481425349364,0.1818155063922205,0.11021390846359633,0.09448432893247811
334,Watford,Arsenal,0,1,7,12,0.34,0.66,-1.0,0.27284016481684226,0.2034537135002964,0.5237061216828616,0.15064880702983147,0.11423034253224114
335,Brighton & Hove Albion,Cardiff City,0,2,11,7,0.63,0.37,-1.0,0.5253964704871414,0.21977493750449392,0.25482859200836483,0.41566093924429104,0.2932076338812286
336,Manchester City,Tottenham Hotspur,1,0,11,8,0.6,0.4,1.0,0.674213538575109,0.16244455836619673,0.16334190305869403,0.06640869787129393,0.05306854342845883
337,AFC Bournemouth,Fulham,0,1,12,12,0.49,0.51,-1.0,0.6760962103897219,0.16459892387545205,0.15930486573482622,0.581937197240241,0.39698906674047957
338,Huddersfield Town,Watford,1,2,9,11,0.45,0.55,-1.0,0.26025903411388235,0.2877871436769789,0.4519538222091384,0.1840446889145316,0.15030360596493927
339,West Ham United,Leicester City,2,2,9,11,0.49,0.51,0.0,0.3913978608999057,0.24973073647329386,0.3588714026268006,0.1409904845701745,0.28162831231108504
340,Wolverhampton Wanderers,Brighton & Hove Albion,0,0,20,5,0.68,0.32,0.0,0.40972944143334505,0.2647987330709504,0.3254718254957049,0.13690506218439363,0.271443675754289
341,Newcastle United,Southampton,3,1,11,11,0.43,0.57,1.0,0.5808099690448951,0.2935591407498639,0.12563089020524082,0.09575170131295155,0.09256012391456718
342,Everton,Manchester United,4,0,12,7,0.48,0.52,1.0,0.46304280743766807,0.22007803127026612,0.3168791612920656,0.1943677147527922,0.1457232564511268
343,Arsenal,Crystal Palace,2,3,11,13,0.72,0.28,-1.0,0.6957152942801369,0.17927720060121588,0.12500750511864703,0.6248158183969958,0.4272573171498002
344,Cardiff City,Liverpool,0,2,5,15,0.23,0.77,-1.0,0.043831358513405624,0.1787653150750744,0.7774033264115195,0.025735233540893507,0.027809168318559275
345,Chelsea,Burnley,2,2,18,6,0.76,0.24,0.0,0.7984459191695905,0.11733919265047037,0.08421488817993925,0.32230401661486596,0.4745660446868851
346,Watford,Southampton,1,1,8,8,0.62,0.38,0.0,0.5468178652014642,0.2362560992766837,0.2169260355218519,0.1730333412953573,0.30979047616092714
347,Tottenham Hotspur,Brighton & Hove Albion,1,0,18,6,0.78,0.22,1.0,0.6305312025420096,0.17722071433857287,0.19224808311941752,0.08673325887907203,0.06829123311627269
348,Wolverhampton Wanderers,Arsenal,3,1,9,6,0.29,0.71,1.0,0.24497721726507918,0.2135807998836588,0.5414419828512621,0.4316094116213449,0.3029451937738778
349,Manchester United,Manchester City,0,2,8,9,0.36,0.64,-1.0,0.15065264665666464,0.15245666564871774,0.6968906876946177,0.057285737575449844,0.04593817001720818
350,Liverpool,Huddersfield Town,5,0,20,4,0.7,0.3,1.0,0.8464356154434898,0.15155225796642585,0.002012126590084262,0.011793034428817139,0.015518051917452121
351,Tottenham Hotspur,West Ham United,0,1,9,13,0.63,0.37,-1.0,0.5812804425043738,0.19868743482861798,0.22003212266700803,0.4731184212547067,0.32857117975606337
352,Crystal Palace,Everton,0,0,6,12,0.36,0.64,0.0,0.2326496231647536,0.3110357741325754,0.456314602702671,0.13117443189919922,0.24567352277449936
353,Fulham,Cardiff City,1,0,8,11,0.73,0.27,1.0,0.3521990369582583,0.21747926885186913,0.4303216941898728,0.302411424104125,0.21737336019619793
354,Southampton,AFC Bournemouth,3,3,17,10,0.44,0.56,0.0,0.2370067143272302,0.21683944656771093,0.5461538391050588,0.1772280993026919,0.32259888368591766
355,Watford,Wolverhampton Wanderers,1,2,7,8,0.56,0.44,-1.0,0.37885882464937554,0.27992989814210106,0.3412112772085235,0.28876829514596564,0.21863244605525942
356,Brighton & Hove Albion,Newcastle United,1,1,8,5,0.49,0.51,0.0,0.4310287986799264,0.2845816663635553,0.2843895349565181,0.13333161644212263,0.25949554166246414
357,Leicester City,Arsenal,3,0,19,5,0.67,0.33,1.0,0.31421316653398423,0.19485433985100714,0.4909324936150089,0.35565914712119767,0.2497621693337225
358,Burnley,Manchester City,0,1,3,12,0.3,0.7,-1.0,0.051122331931425825,0.0902458329745544,0.8586318350940199,0.01129922543549565,0.010247587080087482
359,Manchester United,Chelsea,1,1,8,11,0.51,0.49,0.0,0.2902293925306496,0.1913731722869643,0.5183974351823863,0.17648450054619305,0.3356154491965446
360,Everton,Burnley,2,0,16,6,0.6,0.4,1.0,0.6691184493116136,0.18267541103434737,0.1482061396540387,0.06572383020855188,0.05493932207122381
361,AFC Bournemouth,Tottenham Hotspur,1,0,14,9,0.53,0.47,1.0,0.32726229014644836,0.1964917379133544,0.47624597194019713,0.33969312602413226,0.23933175170549162
362,West Ham United,Southampton,3,0,13,5,0.56,0.44,1.0,0.6162317794987258,0.2161391629703321,0.16762905753094212,0.08768877399771328,0.07403122858831411
363,Wolverhampton Wanderers,Fulham,1,0,16,6,0.39,0.61,1.0,0.6254982403618851,0.20933695306974887,0.16516480656836632,0.08376549065040509,0.07045098040711217
364,Cardiff City,Crystal Palace,2,3,15,15,0.39,0.61,-1.0,0.3619303485392643,0.28854636279232865,0.34952328866840715,0.277056764589259,0.21245751088639994
365,Newcastle United,Liverpool,2,3,11,11,0.3,0.7,-1.0,0.03887459358252315,0.2789527634763876,0.6821726429410891,0.051262731460629346,0.0601133690574574
366,Chelsea,Watford,3,0,16,14,0.58,0.42,1.0,0.6249690861315708,0.2032002567297191,0.17183065713870999,0.08508698054485508,0.07048810180824462
367,Huddersfield Town,Manchester United,1,1,6,17,0.35,0.65,0.0,0.252959724318595,0.23258262938765006,0.5144576462937552,0.1643276459787249,0.3058615708916743
368,Arsenal,Brighton & Hove Albion,1,1,14,10,0.7,0.3,0.0,0.6634140058715278,0.15048442311941373,0.1861015710090583,0.23737596895927354,0.3988095510937674
369,Manchester City,Leicester City,1,0,16,5,0.61,0.39,1.0,0.7527563362128085,0.14880548623122475,0.09843817755596697,0.03540975204172693,0.030987525605321697
370,Brighton & Hove Albion,Manchester City,1,4,6,13,0.23,0.77,-1.0,0.11227557172747797,0.14376769858328564,0.7439567296892363,0.039081980139081415,0.03294437047803244
371,Burnley,Arsenal,1,3,12,11,0.39,0.61,-1.0,0.14164726946736242,0.12988171273282878,0.7284710177998089,0.04689596856111566,0.036887065474881436
372,Crystal Palace,AFC Bournemouth,5,3,16,15,0.45,0.55,1.0,0.27223341074409185,0.26647522096610204,0.46129136828980577,0.3712169674479297,0.27114765942826397
373,Fulham,Newcastle United,0,4,11,13,0.68,0.32,-1.0,0.18191574107726613,0.2722393691379119,0.545844889784822,0.11967510049312574,0.10448815836495322
374,Leicester City,Chelsea,0,0,8,12,0.46,0.54,0.0,0.2854570085767528,0.22960164392555532,0.4849413474976919,0.15832690712923275,0.30338914710022413
375,Liverpool,Wolverhampton Wanderers,2,0,11,7,0.59,0.41,1.0,0.7572277882501252,0.21125297718690664,0.03151923456296813,0.02996590447268074,0.03485320977189772
376,Manchester United,Cardiff City,0,2,21,11,0.73,0.27,-1.0,0.5881241140529351,0.18786645780529648,0.22400942814176836,0.4740256705717075,0.32778171570390807
377,Southampton,Huddersfield Town,1,1,7,8,0.53,0.47,0.0,0.40673276910643485,0.2728823042466267,0.3203849266469388,0.13403902334377632,0.26559273005508266
378,Tottenham Hotspur,Everton,2,2,9,13,0.55,0.45,0.0,0.5478289021584083,0.2191836423747696,0.23298745546682234,0.17719983022249564,0.321357948260041
379,Watford,West Ham United,1,4,11,15,0.48,0.52,-1.0,0.37550597136492364,0.25906013126441374,0.3654338973706623,0.27183943656845083,0.20359700824921242
