,home,away,home_goal,away_goal,home_shots,away_shots,home_possession,away_possession,outcome,win_prob,draw_prob,lose_prob,RPS,BS,,,,,,,,,,,,,,,,
200,Brasil de Pelotas,AvaÃ­,1,1,14,18,0.51,0.49,0,0.220175198,0.293956757,0.485868045,0.142272438,0.261013979,,2,,2.81,2.9,2.94,,0.355871886,0.344827586,0.340136054,,1.040835527,,0.341909819,0.331298824,0.326791357
201,Ponte Preta,CriciÃºma,3,1,14,6,0.51,0.49,1,0.566942743,0.265284285,0.167772972,0.107843179,0.095354037,,1,,1.88,3.15,5.28,,0.531914894,0.317460317,0.189393939,,1.03876915,,0.512062659,0.305612,0.182325341
202,Londrina,Paysandu,2,1,14,7,0.46,0.54,1,0.472871927,0.258847613,0.26828046,0.174919205,0.138946833,,1,,2.13,3.02,4.17,,0.469483568,0.331125828,0.239808153,,1.040417549,,0.451245337,0.31826244,0.230492223
203,Vila Nova,CRB,0,0,0,3,0.58,0.42,0,0.509817452,0.356849648,0.1333329,0.138845748,0.230444624,,2,,1.79,3.24,5.8,,0.558659218,0.308641975,0.172413793,,1.039714986,,0.537319578,0.296852483,0.165827939
204,Figueirense,GoiÃ¡s,1,2,7,15,0.46,0.54,-1,0.560066824,0.202722241,0.237210936,0.447761002,0.312206104,,3,,2.28,3.18,3.48,,0.438596491,0.314465409,0.287356322,,1.040418222,,0.421557872,0.30224904,0.276193088
205,Oeste,Juventude,0,0,14,17,0.54,0.46,0,0.522019372,0.248103117,0.229877511,0.162673947,0.296898939,,2,,2.45,2.96,3.39,,0.408163265,0.337837838,0.294985251,,1.040986354,,0.392092811,0.324536279,0.28337091
206,Fortaleza,Boa,2,1,18,8,0.52,0.48,1,0.819667482,0.15952696,0.020805558,0.016476344,0.01946718,,1,,1.39,4.53,9.99,,0.71942446,0.220750552,0.1001001,,1.040275112,,0.691571347,0.212204011,0.096224642
207,AtlÃ©tico GO,Coritiba,1,0,4,4,0.5,0.5,1,0.485595499,0.206972231,0.30743227,0.179563296,0.133988032,,1,,2.27,3.06,3.65,,0.440528634,0.326797386,0.273972603,,1.041298623,,0.423056964,0.313836376,0.26310666
208,Sampaio CorrÃªa,Guarani,0,2,15,14,0.49,0.51,-1,0.339341676,0.243987477,0.416670847,0.227712837,0.171651854,,3,,2.7,3.19,2.81,,0.37037037,0.313479624,0.355871886,,1.03972188,,0.356220618,0.301503344,0.342276038
209,CSA,SÃ£o Bento,1,0,18,9,0.63,0.37,1,0.611169913,0.225973928,0.162856159,0.088855483,0.076258394,,1,,1.95,3.15,4,,0.512820513,0.317460317,0.25,,1.08028083,,0.47471037,0.293868324,0.231421305
210,Brasil de Pelotas,Paysandu,0,0,12,7,0.58,0.42,0,0.411455863,0.306047404,0.282496732,0.124550166,0.243556845,,2,,2.02,3.2,4.3,,0.495049505,0.3125,0.23255814,,1.040107644,,0.475959875,0.300449671,0.223590453
211,AvaÃ­,Juventude,1,0,17,9,0.57,0.43,1,0.591204338,0.243390648,0.165405014,0.097236356,0.084570573,,1,,1.76,3.4,5.6,,0.568181818,0.294117647,0.178571429,,1.040870894,,0.54587156,0.282568807,0.171559633
212,CriciÃºma,Coritiba,2,2,15,11,0.43,0.57,0,0.304946667,0.275203531,0.419849802,0.134633163,0.264865416,,2,,2.32,3.06,3.54,,0.431034483,0.326797386,0.282485876,,1.040317744,,0.414329646,0.314132281,0.271538073
213,Londrina,Ponte Preta,1,0,10,10,0.47,0.53,1,0.267654438,0.295718484,0.436627078,0.363486613,0.271474216,,1,,2.61,3.01,3.09,,0.383141762,0.332225914,0.323624595,,1.038992272,,0.368762861,0.31975783,0.31147931
214,GoiÃ¡s,SÃ£o Bento,2,1,12,5,0.5,0.5,1,0.454936437,0.234817954,0.310245608,0.196673312,0.149495366,,1,,1.72,3.55,5.61,,0.581395349,0.281690141,0.178253119,,1.041338609,,0.558315368,0.270507728,0.171176904
215,Boa,Figueirense,0,2,10,4,0.57,0.43,-1,0.104998223,0.264854435,0.630147342,0.073907808,0.072654496,,3,,2.57,3.07,3.08,,0.389105058,0.325732899,0.324675325,,1.039513282,,0.374314658,0.313351358,0.312333984
216,CRB,Fortaleza,2,1,11,6,0.47,0.53,1,0.158861873,0.285354736,0.555783392,0.508204264,0.365945284,,1,,3.91,3.18,2.13,,0.255754476,0.314465409,0.469483568,,1.039703453,,0.245987907,0.302456828,0.451555265
217,Guarani,AtlÃ©tico GO,2,0,22,5,0.55,0.45,1,0.495539136,0.199511431,0.304949432,0.17373746,0.129093244,,1,,2.18,3.23,3.69,,0.458715596,0.309597523,0.27100271,,1.03931583,,0.441363042,0.297885892,0.260751066
218,Oeste,CSA,2,1,10,18,0.49,0.51,1,0.342649052,0.253897484,0.403453464,0.297442483,0.219782966,,1,,2.54,3.04,3.14,,0.393700787,0.328947368,0.318471338,,1.041119493,,0.378151394,0.315955441,0.305893166
219,Sampaio CorrÃªa,Vila Nova,0,0,26,9,0.6,0.4,0,0.296040136,0.347009372,0.356950492,0.107526708,0.213816725,,2,,2.47,2.97,3.35,,0.4048583,0.336700337,0.298507463,,1.040066099,,0.389262086,0.323729749,0.287008165
220,Figueirense,Brasil de Pelotas,1,1,17,13,0.59,0.41,0,0.586728625,0.253977614,0.159293762,0.184812491,0.308724794,,2,,1.98,3.15,4.62,,0.505050505,0.317460317,0.216450216,,1.038961039,,0.486111111,0.305555556,0.208333333
221,Coritiba,Oeste,0,2,22,7,0.59,0.41,-1,0.40527408,0.258350602,0.336375318,0.3023224,0.223796611,,3,,2.17,3.05,3.97,,0.460829493,0.327868852,0.251889169,,1.040587514,,0.442855105,0.315080517,0.242064377
222,AtlÃ©tico GO,CRB,1,0,16,15,0.63,0.37,1,0.585097152,0.202189467,0.212713382,0.108695678,0.086090646,,1,,1.76,3.36,5.79,,0.568181818,0.297619048,0.172711572,,1.038512437,,0.547111231,0.286582073,0.166306695
223,Ponte Preta,Guarani,0,0,15,9,0.58,0.42,0,0.450836923,0.269699548,0.279463529,0.140676898,0.271564182,,2,,1.93,3.42,4.35,,0.518134715,0.292397661,0.229885057,,1.040417433,,0.498006568,0.281038794,0.220954638
224,SÃ£o Bento,AvaÃ­,0,1,13,10,0.62,0.38,-1,0.277114111,0.271327528,0.451558361,0.188790231,0.150399697,,3,,2.72,2.93,3.02,,0.367647059,0.341296928,0.331125828,,1.040069815,,0.353483058,0.328148095,0.318368847
225,Vila Nova,GoiÃ¡s,3,0,11,7,0.4,0.6,1,0.52181832,0.277607784,0.200573896,0.134443803,0.115317896,,1,,2.31,2.98,3.69,,0.432900433,0.33557047,0.27100271,,1.039473613,,0.416461205,0.32282731,0.260711486
226,CSA,CriciÃºma,3,0,8,3,0.51,0.49,1,0.63000763,0.225649285,0.144343085,0.07886464,0.06954896,,1,,1.91,3.2,4.2,,0.523560209,0.3125,0.238095238,,1.074155448,,0.487415681,0.290926235,0.221658084
227,Paysandu,Sampaio CorrÃªa,0,1,15,12,0.52,0.48,-1,0.377723271,0.260906804,0.361369925,0.275261621,0.206198534,,3,,2.42,2.99,3.42,,0.41322314,0.334448161,0.292397661,,1.040068962,,0.397303598,0.321563447,0.281132955
228,Fortaleza,Londrina,2,1,23,6,0.6,0.4,1,0.610824656,0.245874865,0.143300479,0.085996238,0.077482308,,1,,1.66,3.73,5.86,,0.602409639,0.268096515,0.170648464,,1.041154617,,0.578597673,0.257499232,0.163903095
229,Juventude,Boa,0,0,10,9,0.55,0.45,0,0.602021683,0.263677508,0.134300809,0.190233407,0.307545875,,2,,1.95,2.95,4.5,,0.512820513,0.338983051,0.222222222,,1.074025786,,0.477475047,0.315619099,0.206905854
230,Brasil de Pelotas,Coritiba,0,1,10,7,0.65,0.35,-1,0.255238756,0.303441453,0.441319791,0.188635199,0.156449038,,3,,2.33,3.14,3.43,,0.429184549,0.318471338,0.29154519,,1.039201076,,0.412994712,0.30645786,0.280547428
231,CriciÃºma,Guarani,0,0,15,14,0.47,0.53,0,0.309872227,0.256593386,0.433534386,0.141986431,0.278875418,,2,,2.59,3.12,3,,0.386100386,0.320512821,0.333333333,,1.03994654,,0.371269456,0.308201247,0.320529297
232,Oeste,SÃ£o Bento,0,1,15,13,0.66,0.34,-1,0.534320423,0.249878835,0.215800742,0.450233395,0.320968741,,3,,1.89,3.19,5.06,,0.529100529,0.313479624,0.197628458,,1.040208611,,0.50864848,0.301362266,0.189989254
233,Londrina,AtlÃ©tico GO,4,1,18,10,0.52,0.48,1,0.367369869,0.224757761,0.40787237,0.283290376,0.205698934,,1,,2.4,3.14,3.29,,0.416666667,0.318471338,0.303951368,,1.039089372,,0.400992136,0.306490804,0.29251706
234,Paysandu,Juventude,3,3,21,9,0.61,0.39,0,0.379780093,0.276990208,0.343229698,0.131019773,0.261594235,,2,,2.41,2.97,3.47,,0.414937759,0.336700337,0.288184438,,1.039822534,,0.399046708,0.323805578,0.277147714
235,Ponte Preta,Vila Nova,1,1,3,5,0.52,0.48,0,0.408329897,0.401310836,0.190359266,0.101484978,0.18713289,,2,,2.3,2.95,3.76,,0.434782609,0.338983051,0.265957447,,1.039723106,,0.418171536,0.326032045,0.255796418
236,CRB,Sampaio CorrÃªa,2,1,8,14,0.39,0.61,1,0.382664536,0.262161292,0.355174172,0.253625884,0.191993437,,1,,1.85,3.34,4.93,,0.540540541,0.299401198,0.202839757,,1.042781495,,0.518364147,0.287117866,0.194517986
237,AvaÃ­,Figueirense,0,1,24,7,0.59,0.41,-1,0.474464666,0.255943763,0.269591571,0.379306596,0.274706801,,3,,2.02,3.09,4.51,,0.495049505,0.323624595,0.22172949,,1.04040359,,0.475824487,0.311056785,0.213118728
238,GoiÃ¡s,Fortaleza,3,1,13,10,0.43,0.57,1,0.244009803,0.239483804,0.516506393,0.419150016,0.298550841,,1,,2.48,3.27,3.03,,0.403225806,0.305810398,0.330033003,,1.039069207,,0.388064437,0.294311866,0.317623697
239,Boa,CSA,3,0,17,10,0.48,0.52,1,0.047264093,0.218969275,0.733766632,0.72305959,0.498022241,,1,,0,0,0,,#DIV/0!,#DIV/0!,#DIV/0!,,#DIV/0!,,#DIV/0!,#DIV/0!,#DIV/0!
240,Guarani,GoiÃ¡s,0,2,16,14,0.65,0.35,-1,0.574096039,0.196285124,0.229618838,0.461536698,0.320533749,,3,,2.2,3.1,3.35,,0.454545455,0.322580645,0.298507463,,1.075633562,,0.422583927,0.299898271,0.277517803
241,SÃ£o Bento,Paysandu,1,0,7,14,0.54,0.46,1,0.472757509,0.270256408,0.256986083,0.172013246,0.139021673,,1,,2.15,2.9,3.85,,0.465116279,0.344827586,0.25974026,,1.069684125,,0.434816474,0.322363937,0.242819589
242,Juventude,CriciÃºma,0,1,9,3,0.51,0.49,-1,0.428271646,0.271794383,0.299933971,0.336754524,0.249127078,,3,,2.05,2.9,4,,0.487804878,0.344827586,0.25,,1.082632464,,0.450572927,0.318508448,0.230918625
243,AvaÃ­,CRB,1,0,14,11,0.46,0.54,1,0.60496046,0.235986311,0.15905323,0.090677084,0.079014569,,1,,0,0,0,,#DIV/0!,#DIV/0!,#DIV/0!,,#DIV/0!,,#DIV/0!,#DIV/0!,#DIV/0!
244,Fortaleza,Figueirense,2,2,18,6,0.59,0.41,0,0.472214534,0.270357448,0.257428018,0.144627875,0.273878002,,2,,1.61,3.55,5.75,,0.621118012,0.281690141,0.173913043,,1.076721197,,0.576860578,0.26161846,0.161520962
245,Vila Nova,Oeste,1,1,17,11,0.59,0.41,0,0.315225592,0.381355964,0.303418444,0.095714963,0.191383457,,2,,2.41,3.01,3.41,,0.414937759,0.332225914,0.293255132,,1.040418805,,0.398818012,0.319319405,0.281862583
246,AtlÃ©tico GO,Ponte Preta,2,0,13,9,0.49,0.51,1,0.399920255,0.239596563,0.360483182,0.245021912,0.182483446,,1,,2.4,2.9,3.1,,0.416666667,0.344827586,0.322580645,,1.084074898,,0.384352287,0.318084652,0.297563061
247,CSA,Londrina,4,1,9,11,0.44,0.56,1,0.617359039,0.223667608,0.158973353,0.085843316,0.07390461,,1,,1.91,3.15,4.4,,0.523560209,0.317460317,0.227272727,,1.068293254,,0.490090345,0.297165892,0.212743763
248,Coritiba,Boa,2,1,8,7,0.52,0.48,1,0.752521834,0.190324204,0.057153962,0.032256009,0.03357844,,1,,1.91,3,4.75,,0.523560209,0.333333333,0.210526316,,1.067419859,,0.490491352,0.312279494,0.197229154
249,Sampaio CorrÃªa,Brasil de Pelotas,1,2,18,3,0.63,0.37,-1,0.473629174,0.286031416,0.24033941,0.400704404,0.294407593,,3,,2.15,2.9,3.85,,0.465116279,0.344827586,0.25974026,,1.069684125,,0.434816474,0.322363937,0.242819589
250,Oeste,AtlÃ©tico GO,1,2,14,14,0.58,0.42,-1,0.454631754,0.212495278,0.332872968,0.325874254,0.232300917,,3,,2.45,2.75,3.25,,0.408163265,0.363636364,0.307692308,,1.079491937,,0.378106822,0.336858805,0.285034373
251,Boa,GoiÃ¡s,1,0,12,13,0.44,0.56,1,0.241010678,0.232990534,0.525998788,0.426369758,0.302341369,,1,,2.6,2.9,2.9,,0.384615385,0.344827586,0.344827586,,1.074270557,,0.358024691,0.320987654,0.320987654
252,CRB,Guarani,1,1,13,9,0.57,0.43,0,0.259395656,0.249284221,0.491320123,0.154340785,0.290751917,,2,,2.35,2.85,3.35,,0.425531915,0.350877193,0.298507463,,1.074916571,,0.395874365,0.326422722,0.277702913
253,Paysandu,AvaÃ­,2,1,20,11,0.47,0.53,1,0.238297874,0.256895572,0.504806554,0.417509893,0.300338374,,1,,3.2,2.95,2.35,,0.3125,0.338983051,0.425531915,,1.077014966,,0.290153814,0.31474312,0.395103066
254,Juventude,SÃ£o Bento,0,2,7,4,0.59,0.41,-1,0.451477534,0.289598813,0.258923653,0.376513058,0.278964529,,3,,2,2.9,4.45,,0.5,0.344827586,0.224719101,,1.069546687,,0.467487774,0.322405361,0.210106865
255,Figueirense,CSA,1,2,10,7,0.68,0.32,-1,0.375274571,0.23861481,0.386110619,0.258845588,0.191542735,,3,,2,3,4.1,,0.5,0.333333333,0.243902439,,1.077235772,,0.464150943,0.309433962,0.226415094
256,CriciÃºma,Fortaleza,2,0,7,14,0.35,0.65,1,0.195190312,0.290829493,0.513980195,0.455947137,0.33215869,,1,,2.7,2.95,2.7,,0.37037037,0.338983051,0.37037037,,1.079723792,,0.343023256,0.313953488,0.343023256
257,Londrina,Brasil de Pelotas,1,0,16,9,0.57,0.43,1,0.449991224,0.299118859,0.250889917,0.182727702,0.151642499,,1,,2.65,2.93,3.12,,0.377358491,0.341296928,0.320512821,,1.039168239,,0.363135127,0.328432794,0.308432079
258,Ponte Preta,Sampaio CorrÃªa,0,0,8,8,0.55,0.45,0,0.560333259,0.254906288,0.184760454,0.174054893,0.301091475,,2,,1.67,3.35,5.65,,0.598802395,0.298507463,0.17699115,,1.074301008,,0.557387911,0.277862033,0.164750055
259,Vila Nova,Coritiba,2,1,14,12,0.49,0.51,1,0.32424828,0.38364222,0.2921095,0.270984173,0.229716566,,1,,1.95,3.05,4.3,,0.512820513,0.327868852,0.23255814,,1.073247505,,0.477821295,0.305492303,0.216686401
260,CSA,Vila Nova,1,2,22,9,0.52,0.48,-1,0.517492809,0.333606214,0.148900977,0.496084177,0.367820487,,3,,2.7,2.8,2.9,,0.37037037,0.357142857,0.344827586,,1.072340814,,0.345384943,0.333049766,0.321565291
261,Guarani,Juventude,1,0,16,8,0.6,0.4,1,0.528708416,0.243389001,0.227902582,0.137027672,0.11109785,,1,,1.77,3.3,4.9,,0.564971751,0.303030303,0.204081633,,1.072083687,,0.526984748,0.282655456,0.190359797
262,Coritiba,Londrina,0,1,4,5,0.6,0.4,-1,0.522497406,0.247244501,0.230258093,0.432753071,0.308878662,,3,,2.1,3,3.8,,0.476190476,0.333333333,0.263157895,,1.072681704,,0.443925234,0.310747664,0.245327103
263,Figueirense,SÃ£o Bento,2,2,4,6,0.54,0.46,0,0.538607535,0.240996905,0.22039556,0.16933614,0.304919326,,2,,2.3,2.85,3.4,,0.434782609,0.350877193,0.294117647,,1.079777449,,0.402659464,0.324953252,0.272387284
264,Sampaio CorrÃªa,Fortaleza,1,0,9,11,0.4,0.6,1,0.249022939,0.273691711,0.47728535,0.395883926,0.288891668,,1,,3.35,2.95,2.25,,0.298507463,0.338983051,0.444444444,,1.081934958,,0.275901486,0.313311857,0.410786657
265,Brasil de Pelotas,CRB,1,0,10,8,0.56,0.44,1,0.397040315,0.313314232,0.289645452,0.223727435,0.181873559,,1,,2.45,2.75,3.25,,0.408163265,0.363636364,0.307692308,,1.079491937,,0.378106822,0.336858805,0.285034373
266,CriciÃºma,AvaÃ­,3,2,6,6,0.39,0.61,1,0.28169376,0.263406565,0.454899675,0.361448785,0.264093529,,1,,2.95,2.8,2.6,,0.338983051,0.357142857,0.384615385,,1.080741293,,0.313657906,0.330461008,0.355881086
267,Boa,Paysandu,1,1,11,14,0.52,0.48,0,0.227412913,0.278215887,0.4943712,0.148059758,0.272363941,,2,,2.35,2.85,3.3,,0.425531915,0.350877193,0.303030303,,1.079439411,,0.394215655,0.325055014,0.28072933
268,GoiÃ¡s,AtlÃ©tico GO,2,1,11,13,0.52,0.48,1,0.389453663,0.196480841,0.414065497,0.272108533,0.194273929,,1,,2,3.35,3.6,,0.5,0.298507463,0.277777778,,1.07628524,,0.464560863,0.277349769,0.258089368
269,Oeste,Ponte Preta,0,0,11,19,0.47,0.53,0,0.37187861,0.290555013,0.337566378,0.12612238,0.251852317,,2,,2.9,2.85,2.65,,0.344827586,0.350877193,0.377358491,,1.07306327,,0.321348793,0.326986491,0.351664717
270,AtlÃ©tico GO,Juventude,0,1,13,9,0.65,0.35,-1,0.522153455,0.219447153,0.258399392,0.411307847,0.290257582,,3,,1.71,3.45,4.95,,0.584795322,0.289855072,0.202020202,,1.076670596,,0.543151567,0.269214255,0.187634178
271,Londrina,Figueirense,2,0,10,12,0.42,0.58,1,0.318584331,0.26086605,0.420549619,0.320594648,0.236413464,,1,,2.15,3.05,3.55,,0.465116279,0.327868852,0.281690141,,1.074675272,,0.432797042,0.305086439,0.262116518
272,GoiÃ¡s,Ponte Preta,2,2,24,11,0.64,0.36,0,0.297385858,0.250817648,0.451796494,0.14627921,0.284610873,,2,,2.05,3.05,3.9,,0.487804878,0.327868852,0.256410256,,1.072083987,,0.455006216,0.30582385,0.239169934
273,SÃ£o Bento,Boa,0,0,5,8,0.52,0.48,0,0.628521084,0.250127438,0.121351478,0.204882467,0.324024598,,2,,2.15,2.8,3.9,,0.465116279,0.357142857,0.256410256,,1.078669393,,0.431194472,0.331095755,0.237709773
274,CRB,Coritiba,1,1,16,10,0.58,0.42,0,0.2595604,0.275527569,0.464912031,0.141757399,0.269458367,,2,,2.1,2.9,3.9,,0.476190476,0.344827586,0.256410256,,1.077428319,,0.441969519,0.320046893,0.237983587
275,Fortaleza,Vila Nova,2,0,17,7,0.66,0.34,1,0.439963417,0.410870597,0.149165986,0.167945733,0.168235371,,1,,2,3,4.2,,0.5,0.333333333,0.238095238,,1.071428571,,0.466666667,0.311111111,0.222222222
276,Brasil de Pelotas,Oeste,1,3,17,15,0.61,0.39,-1,0.240433436,0.299923853,0.459642711,0.174897118,0.146582851,,3,,2.15,2.9,3.75,,0.465116279,0.344827586,0.266666667,,1.076610532,,0.432019068,0.320289999,0.247690933
277,Paysandu,CriciÃºma,1,1,17,8,0.62,0.38,0,0.376008102,0.268172313,0.355819585,0.133994835,0.267853811,,2,,2,3.15,3.85,,0.5,0.317460317,0.25974026,,1.077200577,,0.464166109,0.29470864,0.241125251
278,Guarani,CSA,1,0,12,13,0.51,0.49,1,0.406119134,0.23222238,0.361658486,0.241745672,0.179139526,,1,,1.8,3.35,4.6,,0.555555556,0.298507463,0.217391304,,1.071454323,,0.518506057,0.278600269,0.202893674
279,AvaÃ­,Sampaio CorrÃªa,3,1,14,15,0.54,0.46,1,0.586185567,0.229298407,0.184516027,0.102644275,0.085955436,,1,,1.53,3.6,6.7,,0.653594771,0.277777778,0.149253731,,1.08062628,,0.60482961,0.257052584,0.138117806
280,Fortaleza,SÃ£o Bento,2,1,13,9,0.57,0.43,1,0.591373926,0.256507747,0.152118327,0.095057627,0.085303826,,1,,1.5,3.8,6.8,,0.666666667,0.263157895,0.147058824,,1.076883385,,0.619070436,0.244369909,0.136559655
281,Ponte Preta,Brasil de Pelotas,0,1,18,9,0.61,0.39,-1,0.588902776,0.289078692,0.122018532,0.558828969,0.400408143,,3,,1.62,3.45,5.8,,0.617283951,0.289855072,0.172413793,,1.079552816,,0.571795971,0.268495499,0.15970853
282,Juventude,Londrina,0,0,12,8,0.56,0.44,0,0.448294575,0.276833897,0.274871528,0.138261192,0.266497199,,2,,2.3,2.9,3.35,,0.434782609,0.344827586,0.298507463,,1.078117658,,0.403279369,0.319842258,0.276878373
283,Paysandu,GoiÃ¡s,2,3,17,10,0.61,0.39,-1,0.408532289,0.227104485,0.364363226,0.28546637,0.207503062,,3,,2.35,3.15,2.95,,0.425531915,0.317460317,0.338983051,,1.081975283,,0.393291715,0.293408105,0.31330018
284,Vila Nova,Guarani,1,1,14,15,0.51,0.49,0,0.334339831,0.34317262,0.322487548,0.107890671,0.215734516,,2,,2.05,2.95,4,,0.487804878,0.338983051,0.25,,1.076787929,,0.453018524,0.314809483,0.232171993
285,Oeste,Sampaio CorrÃªa,0,0,13,25,0.42,0.58,0,0.536594487,0.234362327,0.229043186,0.170197212,0.308865157,,2,,2.05,3,3.95,,0.487804878,0.333333333,0.253164557,,1.074302768,,0.454066481,0.310278762,0.235654756
286,Figueirense,AtlÃ©tico GO,2,2,17,11,0.47,0.53,0,0.461854137,0.203519672,0.334626191,0.162641966,0.319888282,,2,,2.3,3.05,3.15,,0.434782609,0.327868852,0.317460317,,1.080111779,,0.402534828,0.303550854,0.293914319
287,CRB,CSA,0,0,15,11,0.5,0.5,0,0.175122629,0.256342742,0.568534628,0.176949779,0.302308559,,2,,0,0,0,,#DIV/0!,#DIV/0!,#DIV/0!,,#DIV/0!,,#DIV/0!,#DIV/0!,#DIV/0!
288,Coritiba,AvaÃ­,1,0,9,13,0.57,0.43,1,0.369391403,0.262137972,0.368470625,0.266718902,0.20071804,,1,,2.65,2.95,2.75,,0.377358491,0.338983051,0.363636364,,1.079977905,,0.349413158,0.313879617,0.336707225
289,Boa,CriciÃºma,1,2,15,10,0.56,0.44,-1,0.191302061,0.258693005,0.550004933,0.119546019,0.102004703,,3,,2.2,2.95,3.5,,0.454545455,0.338983051,0.285714286,,1.079242791,,0.421170712,0.314093412,0.264735876
290,Sampaio CorrÃªa,Figueirense,1,0,7,9,0.44,0.56,1,0.345811209,0.24908305,0.405105741,0.296036818,0.218038667,,1,,1.95,3.2,4,,0.512820513,0.3125,0.25,,1.075320513,,0.476900149,0.290611028,0.232488823
291,CriciÃºma,Oeste,0,0,13,8,0.5,0.5,0,0.289588071,0.271263092,0.439148837,0.138356476,0.269256811,,2,,1.91,3.2,4.15,,0.523560209,0.3125,0.240963855,,1.077024065,,0.486117466,0.290151363,0.223731171
292,GoiÃ¡s,Londrina,0,0,19,5,0.59,0.41,0,0.451569316,0.225737871,0.322692813,0.154022749,0.302509114,,2,,1.62,3.7,5.35,,0.617283951,0.27027027,0.186915888,,1.074470109,,0.574500813,0.251538194,0.173960994
293,CSA,Paysandu,1,0,12,9,0.43,0.57,1,0.671637983,0.211085106,0.117276911,0.060787744,0.05537747,,1,,2.05,3.05,3.85,,0.487804878,0.327868852,0.25974026,,1.07541399,,0.453597296,0.304876871,0.241525833
294,SÃ£o Bento,Guarani,1,0,19,12,0.52,0.48,1,0.323197809,0.260431435,0.416370755,0.315712905,0.233083448,,1,,2.7,2.8,2.9,,0.37037037,0.357142857,0.344827586,,1.072340814,,0.345384943,0.333049766,0.321565291
295,Brasil de Pelotas,Fortaleza,0,1,10,10,0.54,0.46,-1,0.158637961,0.319451722,0.521910317,0.126867874,0.11859505,,3,,2.95,2.8,2.65,,0.338983051,0.357142857,0.377358491,,1.073484399,,0.315778274,0.332694968,0.351526758
296,AvaÃ­,Boa,2,0,14,11,0.52,0.48,1,0.776216002,0.168447571,0.055336426,0.026570699,0.027171994,,1,,1.56,3.45,6.65,,0.641025641,0.289855072,0.15037594,,1.081256653,,0.592852436,0.268072406,0.139075158
297,Coritiba,Juventude,2,1,9,4,0.59,0.41,1,0.489087027,0.252579546,0.258333427,0.163884113,0.130521551,,1,,1.95,3.05,4.25,,0.512820513,0.327868852,0.235294118,,1.075983483,,0.476606306,0.304715507,0.218678187
298,AtlÃ©tico GO,Vila Nova,2,2,16,10,0.61,0.39,0,0.434960018,0.282293113,0.282746869,0.134568005,0.261413062,,2,,2.55,3,2.8,,0.392156863,0.333333333,0.357142857,,1.082633053,,0.362225097,0.307891332,0.329883571
299,Ponte Preta,CRB,1,0,9,6,0.61,0.39,1,0.604268112,0.25802566,0.137706228,0.087783366,0.080714658,,1,,1.77,3.25,5.05,,0.564971751,0.307692308,0.198019802,,1.070683861,,0.527673734,0.287379234,0.184947032
300,Paysandu,CRB,1,1,16,13,0.53,0.47,0,0.399336157,0.275973941,0.324689902,0.132446449,0.263035544,,2,,1.87,3.05,4.6,,0.534759358,0.327868852,0.217391304,,1.080019515,,0.495138607,0.303576785,0.201284608
301,CriciÃºma,Brasil de Pelotas,0,1,9,11,0.57,0.43,-1,0.438912355,0.305493389,0.255594256,0.373391984,0.280036726,,3,,2.4,2.85,3.2,,0.416666667,0.350877193,0.3125,,1.08004386,,0.385786802,0.324873096,0.289340102
302,Juventude,GoiÃ¡s,3,5,14,16,0.47,0.53,-1,0.45535901,0.23564137,0.30899962,0.342416676,0.246786736,,3,,2.9,3.05,2.45,,0.344827586,0.327868852,0.408163265,,1.080859704,,0.319030846,0.303340805,0.377628349
303,AtlÃ©tico GO,Sampaio CorrÃªa,1,2,8,8,0.66,0.34,-1,0.543807434,0.201147151,0.255045415,0.42534193,0.297048012,,3,,1.74,3.35,5.05,,0.574712644,0.298507463,0.198019802,,1.071239908,,0.536492936,0.278656032,0.184851031
304,CSA,Ponte Preta,1,2,11,9,0.66,0.34,-1,0.461784852,0.274272998,0.26394215,0.377513204,0.276750695,,3,,2.6,2.85,2.95,,0.384615385,0.350877193,0.338983051,,1.074475628,,0.35795636,0.326556679,0.315486961
305,Guarani,AvaÃ­,1,2,18,15,0.65,0.35,-1,0.408222073,0.248994988,0.342782939,0.299289763,0.220192677,,3,,2.55,2.85,3,,0.392156863,0.350877193,0.333333333,,1.076367389,,0.364333653,0.325982742,0.309683605
306,Oeste,Fortaleza,0,0,14,17,0.45,0.55,0,0.328160755,0.296551887,0.375287358,0.124265041,0.247789776,,2,,3.2,2.9,2.4,,0.3125,0.344827586,0.416666667,,1.073994253,,0.2909699,0.321070234,0.387959866
307,Vila Nova,Boa,2,0,8,3,0.55,0.45,1,0.741335162,0.236835464,0.021829374,0.03369201,0.041158352,,1,,1.65,3.35,5.9,,0.606060606,0.298507463,0.169491525,,1.074059594,,0.56427093,0.277924488,0.157804582
308,Figueirense,Coritiba,2,2,14,12,0.53,0.47,0,0.47512553,0.238123863,0.286750607,0.15398509,0.29614181,,2,,2.3,2.85,3.45,,0.434782609,0.350877193,0.289855072,,1.075514874,,0.404255319,0.326241135,0.269503546
309,Londrina,SÃ£o Bento,2,1,10,7,0.47,0.53,1,0.42488344,0.276143608,0.298972951,0.210071942,0.165466392,,1,,1.95,3,4.35,,0.512820513,0.333333333,0.229885057,,1.076038904,,0.476581758,0.309778143,0.213640099
310,Coritiba,CSA,1,1,16,14,0.55,0.45,0,0.325409897,0.249625009,0.424965094,0.143243466,0.283183186,,2,,1.91,3.15,4.3,,0.523560209,0.317460317,0.23255814,,1.073578666,,0.487677546,0.295702893,0.216619561
311,Brasil de Pelotas,AtlÃ©tico GO,1,2,16,9,0.46,0.54,-1,0.29553308,0.246820752,0.457646168,0.19074374,0.147469322,,3,,2.2,2.9,3.65,,0.454545455,0.344827586,0.273972603,,1.073345643,,0.423484697,0.321264253,0.25525105
312,CRB,GoiÃ¡s,2,0,22,8,0.51,0.49,1,0.421245127,0.228021489,0.350733384,0.228985555,0.169988303,,1,,2.75,3.05,2.65,,0.363636364,0.327868852,0.377358491,,1.068863707,,0.340208355,0.306745238,0.353046406
313,SÃ£o Bento,CriciÃºma,0,0,17,5,0.53,0.47,0,0.421792898,0.275012926,0.303194176,0.134917979,0.265147405,,2,,2,2.85,4.55,,0.5,0.350877193,0.21978022,,1.070657413,,0.467002791,0.327721257,0.205275952
314,Ponte Preta,Figueirense,2,1,9,5,0.39,0.61,1,0.459251167,0.273935063,0.26681377,0.181799444,0.146213103,,1,,1.74,3.4,4.85,,0.574712644,0.294117647,0.206185567,,1.075015858,,0.534608527,0.273593775,0.191797698
315,AvaÃ­,Oeste,1,1,10,6,0.51,0.49,0,0.462243406,0.260168422,0.277588173,0.14536208,0.279358308,,2,,1.61,3.7,5.6,,0.621118012,0.27027027,0.178571429,,1.069959711,,0.580505982,0.252598549,0.16689547
316,Vila Nova,Juventude,1,0,8,13,0.45,0.55,1,0.467963899,0.343176278,0.188859823,0.159365222,0.145500134,,1,,1.8,3.2,4.8,,0.555555556,0.3125,0.208333333,,1.076388889,,0.516129032,0.290322581,0.193548387
317,Boa,Guarani,2,1,10,14,0.45,0.55,1,0.1363239,0.262606501,0.6010696,0.553610535,0.392061081,,1,,3.1,2.9,2.45,,0.322580645,0.344827586,0.408163265,,1.075571497,,0.299915576,0.320599409,0.379485015
318,Fortaleza,Paysandu,1,0,22,7,0.62,0.38,1,0.664092263,0.231296619,0.104611118,0.061888747,0.059091873,,1,,1.57,3.55,6.4,,0.636942675,0.281690141,0.15625,,1.074882816,,0.592569409,0.262065908,0.145364683
319,Sampaio CorrÃªa,Londrina,1,2,16,12,0.62,0.38,-1,0.444854943,0.255560617,0.299584439,0.344238939,0.251263036,,3,,2.15,3.1,3.45,,0.465116279,0.322580645,0.289855072,,1.077551997,,0.43164161,0.299364343,0.268994047
320,CSA,Brasil de Pelotas,2,0,12,10,0.41,0.59,1,0.649734191,0.241364138,0.108901671,0.067272855,0.064267453,,1,,1.95,3.05,4.3,,0.512820513,0.327868852,0.23255814,,1.073247505,,0.477821295,0.305492303,0.216686401
321,Londrina,Vila Nova,3,2,10,8,0.59,0.41,1,0.259304064,0.365375699,0.375320237,0.344747875,0.274331717,,1,,2.35,2.8,3.35,,0.425531915,0.357142857,0.298507463,,1.081182235,,0.393580195,0.330326235,0.27609357
322,Juventude,Sampaio CorrÃªa,1,0,6,9,0.42,0.58,1,0.449946339,0.269696177,0.280357484,0.190579674,0.151298459,,1,,2.05,2.95,3.9,,0.487804878,0.338983051,0.256410256,,1.083198185,,0.450337606,0.312946472,0.236715921
323,Fortaleza,Ponte Preta,1,1,7,5,0.5,0.5,0,0.422095894,0.321770752,0.256133354,0.12188462,0.234588051,,2,,2,3.05,4.1,,0.5,0.327868852,0.243902439,,1.071771291,,0.466517441,0.305913076,0.227569483
324,GoiÃ¡s,AvaÃ­,0,3,22,13,0.62,0.38,-1,0.30471719,0.223795828,0.471486982,0.186089288,0.140754383,,3,,2.15,3.15,3.45,,0.465116279,0.317460317,0.289855072,,1.072431669,,0.433702484,0.296019156,0.27027836
325,Guarani,Oeste,1,1,7,5,0.46,0.54,0,0.474444567,0.233826641,0.291728792,0.155101668,0.299074984,,2,,1.95,3.15,4.15,,0.512820513,0.317460317,0.240963855,,1.071244686,,0.478714639,0.296347157,0.224938204
326,SÃ£o Bento,CRB,1,0,11,12,0.5,0.5,1,0.4613913,0.27545628,0.26315242,0.179674264,0.145074897,,1,,2.2,2.95,3.5,,0.454545455,0.338983051,0.285714286,,1.079242791,,0.421170712,0.314093412,0.264735876
327,Figueirense,CriciÃºma,3,2,18,8,0.49,0.51,1,0.560450832,0.237956892,0.201592276,0.116921458,0.096822133,,1,,2.2,2.95,3.5,,0.454545455,0.338983051,0.285714286,,1.079242791,,0.421170712,0.314093412,0.264735876
328,Boa,AtlÃ©tico GO,0,2,16,12,0.5,0.5,-1,0.176552719,0.232778812,0.59066847,0.099361582,0.084303046,,3,,2.65,3.05,2.75,,0.377358491,0.327868852,0.363636364,,1.068863707,,0.353046406,0.306745238,0.340208355
329,Paysandu,Coritiba,1,1,19,6,0.6,0.4,0,0.261043486,0.269665454,0.46929106,0.1441889,0.273922116,,2,,2.35,3,3.15,,0.425531915,0.333333333,0.317460317,,1.076325566,,0.395356134,0.309695639,0.294948227
330,CriciÃºma,GoiÃ¡s,2,2,10,11,0.65,0.35,0,0.461444979,0.222554804,0.316000217,0.156393803,0.305736213,,2,,3.1,3.15,2.3,,0.322580645,0.317460317,0.434782609,,1.074823571,,0.300124275,0.295360398,0.404515327
331,Juventude,Brasil de Pelotas,0,1,11,9,0.58,0.42,-1,0.487407048,0.305518867,0.207074085,0.433148569,0.319879638,,3,,2.25,2.75,3.7,,0.444444444,0.363636364,0.27027027,,1.078351078,,0.412151899,0.33721519,0.250632911
332,Ponte Preta,SÃ£o Bento,2,1,13,8,0.56,0.44,1,0.556040823,0.272811331,0.171147846,0.113195668,0.100272453,,1,,1.54,3.8,6.15,,0.649350649,0.263157895,0.162601626,,1.07511017,,0.603985217,0.244772956,0.151241827
333,Vila Nova,Paysandu,0,0,18,10,0.64,0.36,0,0.531054005,0.336087834,0.132858161,0.149834824,0.246816337,,2,,1.74,3.25,5.1,,0.574712644,0.307692308,0.196078431,,1.078483383,,0.53288966,0.285300926,0.181809414
334,Oeste,Figueirense,0,0,10,6,0.63,0.37,0,0.416017261,0.249458491,0.334524247,0.142488417,0.28276313,,2,,2.3,2.9,3.3,,0.434782609,0.344827586,0.303030303,,1.082640498,,0.401594629,0.318506085,0.279899287
335,Sampaio CorrÃªa,CSA,2,3,25,11,0.59,0.41,-1,0.269914381,0.242314266,0.487771353,0.16761598,0.131316055,,3,,2,3.1,3.9,,0.5,0.322580645,0.256410256,,1.078990902,,0.463395937,0.298965121,0.237638942
336,AvaÃ­,Londrina,1,1,20,8,0.56,0.44,0,0.585665203,0.237158765,0.177176032,0.187197538,0.318773942,,2,,1.62,3.6,5.6,,0.617283951,0.277777778,0.178571429,,1.073633157,,0.574948665,0.258726899,0.166324435
337,CRB,Boa,2,1,11,10,0.49,0.51,1,0.654509615,0.222388076,0.123102309,0.067258892,0.061324747,,1,,0,0,0,,#DIV/0!,#DIV/0!,#DIV/0!,,#DIV/0!,,#DIV/0!,#DIV/0!,#DIV/0!
338,AtlÃ©tico GO,Fortaleza,1,2,21,6,0.67,0.33,-1,0.366183474,0.235892328,0.397924198,0.248292804,0.184076933,,3,,2.5,2.9,3,,0.4,0.344827586,0.333333333,,1.07816092,,0.371002132,0.319829424,0.309168443
339,Coritiba,Guarani,0,2,11,15,0.56,0.44,-1,0.383088239,0.23859516,0.378316601,0.266623423,0.196724832,,3,,2.45,2.85,3.15,,0.408163265,0.350877193,0.317460317,,1.076500776,,0.379157428,0.32594235,0.294900222
340,GoiÃ¡s,Sampaio CorrÃªa,1,0,19,9,0.5,0.5,1,0.454659504,0.220137897,0.325202599,0.201576493,0.150537894,,1,,1.59,3.75,5.65,,0.628930818,0.266666667,0.17699115,,1.072588635,,0.586367222,0.248619702,0.165013077
341,Brasil de Pelotas,Vila Nova,5,0,22,12,0.48,0.52,1,0.186456508,0.435233492,0.37831,0.402485735,0.331466554,,1,,2.8,2.8,2.75,,0.357142857,0.357142857,0.363636364,,1.077922078,,0.331325301,0.331325301,0.337349398
342,AtlÃ©tico GO,AvaÃ­,2,2,18,21,0.63,0.37,0,0.395262181,0.221119297,0.383618522,0.151697681,0.303350171,,2,,2.45,3.2,2.8,,0.408163265,0.3125,0.357142857,,1.077806122,,0.378698225,0.289940828,0.331360947
343,Londrina,CriciÃºma,4,2,16,8,0.51,0.49,1,0.423242125,0.262794349,0.313963527,0.215611372,0.166761204,,1,,1.65,3.55,5.3,,0.606060606,0.281690141,0.188679245,,1.076429992,,0.563028353,0.261689235,0.175282412
344,Ponte Preta,Boa,1,0,13,10,0.54,0.46,1,0.752894005,0.202582524,0.044523472,0.031521856,0.034694464,,1,,1.39,4.1,8.5,,0.71942446,0.243902439,0.117647059,,1.080973958,,0.665533573,0.225632114,0.108834314
345,SÃ£o Bento,Coritiba,5,2,8,8,0.48,0.52,1,0.342959139,0.272190869,0.384849992,0.289906105,0.217966693,,1,,2.3,3.35,2.95,,0.434782609,0.298507463,0.338983051,,1.072273122,,0.405477485,0.278387527,0.316134988
346,Figueirense,Guarani,0,0,9,15,0.52,0.48,0,0.420314854,0.229583584,0.350101562,0.14961784,0.297592378,,2,,2.55,3.1,2.8,,0.392156863,0.322580645,0.357142857,,1.071880365,,0.365858799,0.300948367,0.333192835
347,Fortaleza,CSA,1,1,17,12,0.58,0.42,0,0.388808467,0.286867554,0.324323979,0.128179034,0.254971985,,2,,1.8,3.15,5,,0.555555556,0.317460317,0.2,,1.073015873,,0.517751479,0.295857988,0.186390533
348,CRB,Juventude,2,0,13,8,0.43,0.57,1,0.380359137,0.275377504,0.34426336,0.25123603,0.192768277,,1,,1.87,3.2,4.5,,0.534759358,0.3125,0.222222222,,1.069481581,,0.500017362,0.292197646,0.207784993
349,Paysandu,Oeste,4,3,17,11,0.55,0.45,1,0.247127374,0.264924187,0.487948439,0.402455435,0.291698565,,1,,1.71,3.45,4.95,,0.584795322,0.289855072,0.202020202,,1.076670596,,0.543151567,0.269214255,0.187634178
350,Vila Nova,Figueirense,3,1,13,11,0.38,0.62,1,0.308778939,0.367394816,0.323826246,0.291324996,0.239209648,,1,,1.67,3.45,5.4,,0.598802395,0.289855072,0.185185185,,1.073842653,,0.557625825,0.269923225,0.17245095
351,Juventude,Ponte Preta,0,1,10,11,0.6,0.4,-1,0.305008237,0.312457387,0.382534376,0.237146911,0.190641147,,3,,3.25,3,2.3,,0.307692308,0.333333333,0.434782609,,1.07580825,,0.286010363,0.30984456,0.404145078
352,Boa,Brasil de Pelotas,0,1,13,10,0.62,0.38,-1,0.20821743,0.349800751,0.441981818,0.177369395,0.159033118,,3,,3,2.85,2.55,,0.333333333,0.350877193,0.392156863,,1.076367389,,0.309683605,0.325982742,0.364333653
353,Coritiba,GoiÃ¡s,1,0,11,11,0.53,0.47,1,0.537472427,0.210897392,0.25163018,0.138624752,0.107242404,,1,,3.5,3.25,2.05,,0.285714286,0.307692308,0.487804878,,1.081211471,,0.264253842,0.284581061,0.451165097
354,Oeste,Londrina,0,0,11,23,0.4,0.6,0,0.545226417,0.24296331,0.211810273,0.171067719,0.305079996,,2,,3.45,3.05,2.15,,0.289855072,0.327868852,0.465116279,,1.082840204,,0.267680376,0.302785999,0.429533626
355,CriciÃºma,CRB,3,3,12,18,0.52,0.48,0,0.447263903,0.269758732,0.282977365,0.140060594,0.271124499,,2,,2.45,2.5,3.75,,0.408163265,0.4,0.266666667,,1.074829932,,0.379746835,0.372151899,0.248101266
356,CSA,AtlÃ©tico GO,0,0,13,16,0.45,0.55,0,0.521995704,0.200282644,0.277721652,0.174804416,0.329718894,,2,,2.1,3.15,3.55,,0.476190476,0.317460317,0.281690141,,1.075340934,,0.442827443,0.295218295,0.261954262
357,AvaÃ­,Fortaleza,0,1,14,15,0.57,0.43,-1,0.362641485,0.303154824,0.334203692,0.287396785,0.222232139,,3,,1.74,3.5,4.65,,0.574712644,0.285714286,0.215053763,,1.075480693,,0.534377463,0.265661939,0.199960599
358,Sampaio CorrÃªa,SÃ£o Bento,2,1,13,14,0.61,0.39,1,0.4427661,0.265582577,0.291651323,0.197785057,0.155368073,,1,,1.83,3.3,4.35,,0.546448087,0.303030303,0.229885057,,1.079363448,,0.506268846,0.280749087,0.212982066
359,Guarani,Paysandu,0,2,13,9,0.6,0.4,-1,0.61636614,0.214140224,0.169493637,0.534824019,0.371834691,,3,,2.35,3.15,3,,0.425531915,0.317460317,0.333333333,,1.076325566,,0.395356134,0.294948227,0.309695639
360,Figueirense,Paysandu,2,3,7,25,0.34,0.66,-1,0.609196587,0.224385315,0.166418098,0.532989635,0.372109346,,3,,3.25,3.3,2.15,,0.307692308,0.303030303,0.465116279,,1.07583889,,0.286002217,0.28166885,0.432328933
361,Ponte Preta,Coritiba,2,0,7,7,0.38,0.62,1,0.478159059,0.277516182,0.244324759,0.166006278,0.136342596,,1,,1.36,4.55,8,,0.735294118,0.21978022,0.125,,1.080074337,,0.680781028,0.203486197,0.115732775
362,Fortaleza,Juventude,4,1,15,11,0.51,0.49,1,0.578314769,0.255036695,0.166648536,0.102795084,0.090211295,,1,,1.31,4.75,9.75,,0.763358779,0.210526316,0.102564103,,1.076449197,,0.709145198,0.195574781,0.095280021
363,AtlÃ©tico GO,SÃ£o Bento,1,0,21,6,0.73,0.27,1,0.547942575,0.211879187,0.240178238,0.131020751,0.10231143,,1,,1.26,5.8,9.25,,0.793650794,0.172413793,0.108108108,,1.074172695,,0.738848416,0.160508449,0.100643136
364,Londrina,CRB,1,2,22,4,0.7,0.3,-1,0.456232942,0.264837121,0.278929938,0.364045266,0.266076411,,3,,1.69,3.5,5.1,,0.591715976,0.285714286,0.196078431,,1.073508693,,0.551198123,0.266149951,0.182651927
365,Brasil de Pelotas,Guarani,1,1,14,9,0.56,0.44,0,0.247520731,0.276806159,0.47567311,0.14376571,0.27018025,,2,,2.1,3.1,3.6,,0.476190476,0.322580645,0.277777778,,1.076548899,,0.442330559,0.299643282,0.258026159
366,CSA,AvaÃ­,0,1,10,9,0.66,0.34,-1,0.474090472,0.250049325,0.275860203,0.374570111,0.270554962,,3,,2.9,3.1,2.45,,0.344827586,0.322580645,0.408163265,,1.075571497,,0.320599409,0.299915576,0.379485015
367,Sampaio CorrÃªa,Boa,1,0,16,15,0.49,0.51,1,0.647158267,0.225945144,0.126896589,0.070300017,0.063883747,,1,,1.77,3.4,4.65,,0.564971751,0.294117647,0.215053763,,1.074143162,,0.52597435,0.273816059,0.200209591
368,Vila Nova,CriciÃºma,2,2,22,9,0.69,0.31,0,0.491273041,0.34749803,0.16122893,0.133671984,0.231034263,,2,,1.62,3.65,5.5,,0.617283951,0.273972603,0.181818182,,1.073074735,,0.575247865,0.255315491,0.169436644
369,Oeste,GoiÃ¡s,1,3,14,13,0.48,0.52,-1,0.561771494,0.206730521,0.231497984,0.45309128,0.316306689,,3,,3.35,3,2.25,,0.298507463,0.333333333,0.444444444,,1.07628524,,0.277349769,0.309707242,0.412942989
370,Coritiba,Fortaleza,1,0,13,14,0.48,0.52,1,0.313594673,0.292301703,0.394103625,0.31323497,0.237303408,,1,,2.25,3.2,3.1,,0.444444444,0.3125,0.322580645,,1.07952509,,0.411703673,0.289479145,0.298817182
371,Guarani,Londrina,1,0,3,0,0.54,0.46,1,0.563988245,0.226650681,0.209361075,0.116969155,0.095102947,,1,,2,3.15,3.85,,0.5,0.317460317,0.25974026,,1.077200577,,0.464166109,0.29470864,0.241125251
372,SÃ£o Bento,Vila Nova,2,2,17,20,0.45,0.55,0,0.278017037,0.377655259,0.344327704,0.09792752,0.194389339,,2,,2.55,3.25,2.65,,0.392156863,0.307692308,0.377358491,,1.077207661,,0.364049456,0.285638804,0.35031174
373,Juventude,CSA,0,4,4,6,0.69,0.31,-1,0.28886912,0.258052081,0.453078799,0.191284084,0.149719681,,3,,7.5,4.05,1.43,,0.133333333,0.24691358,0.699300699,,1.079547613,,0.123508525,0.228719491,0.647771984
374,AvaÃ­,Ponte Preta,0,0,8,8,0.49,0.51,0,0.421271649,0.29803982,0.280688531,0.128127927,0.249667982,,2,,2.15,3.2,3.3,,0.465116279,0.3125,0.303030303,,1.080646582,,0.430405543,0.289178724,0.280415733
375,CriciÃºma,Sampaio CorrÃªa,2,0,11,8,0.52,0.48,1,0.431034816,0.257172335,0.311792849,0.210468081,0.162357924,,1,,1.29,4.95,10,,0.775193798,0.202020202,0.1,,1.077214,,0.71962841,0.187539525,0.092832065
376,GoiÃ¡s,Brasil de Pelotas,0,1,26,7,0.75,0.25,-1,0.475594966,0.252714341,0.271690693,0.378312509,0.273496519,,3,,1.3,4.9,9.75,,0.769230769,0.204081633,0.102564103,,1.075876504,,0.714980545,0.189688716,0.095330739
377,Boa,Oeste,0,0,7,20,0.43,0.57,0,0.093427026,0.241240219,0.665332755,0.225698142,0.342370896,,2,,6.6,4.35,1.43,,0.151515152,0.229885057,0.699300699,,1.080700908,,0.140200818,0.212718483,0.647080699
378,CRB,Figueirense,2,1,19,10,0.52,0.48,1,0.244868201,0.262254664,0.492877135,0.406575952,0.293976471,,1,,1.77,3.2,5.1,,0.564971751,0.3125,0.196078431,,1.073550183,,0.526264874,0.291090258,0.182644868
379,Paysandu,AtlÃ©tico GO,2,5,23,17,0.61,0.39,-1,0.310186343,0.223077149,0.466736509,0.190292759,0.143449644,,3,,1.39,4.55,7,,0.71942446,0.21978022,0.142857143,,1.082061823,,0.66486447,0.203112442,0.132023088
