,,,,,,,,,,,,,,0.00%,,,,,,,,,,,,,,,,,,,,,,,,,,,,,,,,,,,,,,,,,,,,,,,,
,,,,,,,,,,,,,,,,,,,,,,,,,,,,,,,,,,,,,,,,,,,,,,Kelly,,,,,,,,,,,,,,,,
,home,away,home_goal,away_goal,home_shots,away_shots,home_possession,away_possession,outcome,win_prob,draw_prob,lose_prob,,,,,,,,,,win_prob,draw_prob,lose_prob,RPS,BS,,,,,,,,,,,,,,,,,,,,Win,Draw,Loose,,,,,,,,,,,,,,
200,Brasil de Pelotas,AvaÃ­,1,1,14,18,0.51,0.49,0,0.220175198,0.293956757,0.485868045,,0,0,0,,0.220175198,0.293956757,0.485868045,,0.220175198,0.293956757,0.485868045,,,,2,,2.81,2.9,2.94,,0.355871886,0.344827586,0.340136054,,1.040835527,,0.341909819,0.331298824,0.326791357,,,,0,0.05049357,0.31099323,,,,,"R$ 1,000.00",0,50.49356976,310.9932304,,,0.014819318,0.00139443,0.025305393,0.041519141
201,Ponte Preta,CriciÃºma,3,1,14,6,0.51,0.49,1,0.566942743,0.265284285,0.167772972,,0,0,0,,0.566942743,0.265284285,0.167772972,,0.566942743,0.265284285,0.167772972,,,,1,,1.88,3.15,5.28,,0.531914894,0.317460317,0.189393939,,1.03876915,,0.512062659,0.305612,0.182325341,,,,0.336593138,0.032041201,0.010154217,,0,146.4313523,0,R$ 784.94,264.2069501,25.15056607,7.970497078,,,0.003011824,0.001626325,0.000211771,0.00484992
202,Londrina,Paysandu,2,1,14,7,0.46,0.54,1,0.472871927,0.258847613,0.26828046,,0,0,0,,0.472871927,0.258847613,0.26828046,,0.472871927,0.258847613,0.26828046,,,,1,,2.13,3.02,4.17,,0.469483568,0.331125828,0.239808153,,1.040417549,,0.451245337,0.31826244,0.230492223,,,,0.225393958,0.013432915,0.092808148,,496.7090663,0,0,R$ 984.33,221.8610446,13.2223625,91.35343669,,,0.000467709,0.003530122,0.001427951,0.005425782
203,Vila Nova,CRB,0,0,0,3,0.58,0.42,0,0.509817452,0.356849648,0.1333329,,0,0,0,,0.509817452,0.356849648,0.1333329,,0.509817452,0.356849648,0.1333329,,,,2,,1.79,3.24,5.8,,0.558659218,0.308641975,0.172413793,,1.039714986,,0.537319578,0.296852483,0.165827939,,,,0.235972453,0.158346453,0,,472.5640249,0,0,"R$ 1,130.45",266.7557171,179.0031889,0,,,0.000756367,0.00359966,0.001055928,0.005411954
204,Figueirense,GoiÃ¡s,1,2,7,15,0.46,0.54,-1,0.560066824,0.202722241,0.237210936,,0,0,0,,0.560066824,0.202722241,0.237210936,,0.560066824,0.202722241,0.237210936,,,,3,,2.28,3.18,3.48,,0.438596491,0.314465409,0.287356322,,1.040418222,,0.421557872,0.30224904,0.276193088,,,,0.367113677,0,0.018018676,,0,579.9703321,0,"R$ 1,264.66",464.2755287,0,22.78757498,,,0.01918473,0.009905584,0.001519608,0.030609922
205,Oeste,Juventude,0,0,14,17,0.54,0.46,0,0.522019372,0.248103117,0.229877511,,0,0,0,,0.522019372,0.248103117,0.229877511,,0.522019372,0.248103117,0.229877511,,,,2,,2.45,2.96,3.39,,0.408163265,0.337837838,0.294985251,,1.040986354,,0.392092811,0.324536279,0.28337091,,,,0.326925238,0,0.002702735,,0,0,79.30076094,R$ 856.90,280.1428478,0,2.315979089,,,0.016880911,0.005842028,0.002861544,0.025584483
206,Fortaleza,Boa,2,1,18,8,0.52,0.48,1,0.819667482,0.15952696,0.020805558,,0,0,0,,0.819667482,0.15952696,0.020805558,,0.819667482,0.15952696,0.020805558,,,,1,,1.39,4.53,9.99,,0.71942446,0.220750552,0.1001001,,1.040275112,,0.691571347,0.212204011,0.096224642,,,,0.689931858,0,0,,0,0,0,R$ 574.44,396.3265555,0,0,,,0.01640862,0.002774872,0.005688038,0.02487153
207,AtlÃ©tico GO,Coritiba,1,0,4,4,0.5,0.5,1,0.485595499,0.206972231,0.30743227,,0,0,0,,0.485595499,0.206972231,0.30743227,,0.485595499,0.206972231,0.30743227,,,,1,,2.27,3.06,3.65,,0.440528634,0.326797386,0.273972603,,1.041298623,,0.423056964,0.313836376,0.26310666,,,,0.258985587,0,0.117687686,,550.8939122,0,0,R$ 729.01,188.803186,0,85.7955473,,,0.003911068,0.011419945,0.00196476,0.017295774
208,Sampaio CorrÃªa,Guarani,0,2,15,14,0.49,0.51,-1,0.339341676,0.243987477,0.416670847,,0,0,0,,0.339341676,0.243987477,0.416670847,,0.339341676,0.243987477,0.416670847,,,,3,,2.7,3.19,2.81,,0.37037037,0.313479624,0.355871886,,1.03972188,,0.356220618,0.301503344,0.342276038,,,,0.094653408,0.006992956,0.209080401,,428.5832322,0,0,R$ 882.99,83.57847624,6.174744193,184.6169275,,,0.000284899,0.003308075,0.005534588,0.009127561
209,CSA,SÃ£o Bento,1,0,18,9,0.63,0.37,1,0.611169913,0.225973928,0.162856159,,0,0,0,,0.611169913,0.225973928,0.162856159,,0.611169913,0.225973928,0.162856159,,,,1,,1.95,3.15,4,,0.512820513,0.317460317,0.25,,1.08028083,,0.47471037,0.293868324,0.231421305,,,,0.411769868,0,0,,0,0,518.7735663,"R$ 1,127.40",464.2286565,0,0,,,0.018621207,0.004609649,0.004701179,0.027932035
210,Brasil de Pelotas,Paysandu,0,0,12,7,0.58,0.42,0,0.411455863,0.306047404,0.282496732,,0,0,0,,0.411455863,0.306047404,0.282496732,,0.411455863,0.306047404,0.282496732,,,,2,,2.02,3.2,4.3,,0.495049505,0.3125,0.23255814,,1.040107644,,0.475959875,0.300449671,0.223590453,,,,0.120097379,0.089187218,0.115635507,,905.2458801,0,0,"R$ 1,568.42",188.3625961,139.8826183,181.364526,,,0.004160768,3.13346E-05,0.00346995,0.007662052
211,AvaÃ­,Juventude,1,0,17,9,0.57,0.43,1,0.591204338,0.243390648,0.165405014,,0,0,0,,0.591204338,0.243390648,0.165405014,,0.591204338,0.243390648,0.165405014,,,,1,,1.76,3.4,5.6,,0.568181818,0.294117647,0.178571429,,1.040870894,,0.54587156,0.282568807,0.171559633,,,,0.358934076,0.020858486,0.016370195,,0,447.6243786,0,"R$ 1,506.43",540.7091234,31.42185226,24.66055588,,,0.002055061,0.001534928,3.78793E-05,0.003627868
212,CriciÃºma,Coritiba,2,2,15,11,0.43,0.57,0,0.304946667,0.275203531,0.419849802,,0,0,0,,0.304946667,0.275203531,0.419849802,,0.304946667,0.275203531,0.419849802,,,,2,,2.32,3.06,3.54,,0.431034483,0.326797386,0.282485876,,1.040317744,,0.414329646,0.314132281,0.271538073,,,,0.005354713,0.03834194,0.255965565,,951.6480572,0,0,"R$ 1,861.29",9.966656336,71.3653428,476.4253034,,,0.011964636,0.001515448,0.021996369,0.035476453
213,Londrina,Ponte Preta,1,0,10,10,0.47,0.53,1,0.267654438,0.295718484,0.436627078,,0,0,0,,0.267654438,0.295718484,0.436627078,,0.267654438,0.295718484,0.436627078,,,,1,,2.61,3.01,3.09,,0.383141762,0.332225914,0.323624595,,1.038992272,,0.368762861,0.31975783,0.31147931,,,,0,0.061737914,0.254305744,,0,218.377949,0,"R$ 1,521.91",0,93.95938498,387.0297811,,,0.010222913,0.00057789,0.015661964,0.026462767
214,GoiÃ¡s,SÃ£o Bento,2,1,12,5,0.5,0.5,1,0.454936437,0.234817954,0.310245608,,0,0,0,,0.454936437,0.234817954,0.310245608,,0.454936437,0.234817954,0.310245608,,,,1,,1.72,3.55,5.61,,0.581395349,0.281690141,0.178253119,,1.041338609,,0.558315368,0.270507728,0.171176904,,,,0.138039017,0.019273716,0.187294736,,0,0,0,"R$ 1,040.92",143.6873226,20.06236115,194.9584966,,,0.010687203,0.00127376,0.019340104,0.031301068
215,Boa,Figueirense,0,2,10,4,0.57,0.43,-1,0.104998223,0.264854435,0.630147342,,0,0,0,,0.104998223,0.264854435,0.630147342,,0.104998223,0.264854435,0.630147342,,,,3,,2.57,3.07,3.08,,0.389105058,0.325732899,0.324675325,,1.039513282,,0.374314658,0.313351358,0.312333984,,,,0,0.025393339,0.51006531,,247.1421949,0,0,R$ 929.35,0,23.59935536,474.0303177,,,0.072531342,0.002351952,0.101005331,0.175888624
216,CRB,Fortaleza,2,1,11,6,0.47,0.53,1,0.158861873,0.285354736,0.555783392,,0,0,0,,0.158861873,0.285354736,0.555783392,,0.158861873,0.285354736,0.555783392,,,,1,,3.91,3.18,2.13,,0.255754476,0.314465409,0.469483568,,1.039703453,,0.245987907,0.302456828,0.451555265,,,,0,0.060623521,0.347230994,,0,0,1460.013379,"R$ 1,891.74",0,114.6836912,656.8693383,,,0.007590946,0.000292482,0.010863502,0.01874693
217,Guarani,AtlÃ©tico GO,2,0,22,5,0.55,0.45,1,0.495539136,0.199511431,0.304949432,,0,0,0,,0.495539136,0.199511431,0.304949432,,0.495539136,0.199511431,0.304949432,,,,1,,2.18,3.23,3.69,,0.458715596,0.309597523,0.27100271,,1.03931583,,0.441363042,0.297885892,0.260751066,,,,0.26413507,0,0.116588844,,0,0,0,"R$ 1,120.18",295.8795821,0,130.600827,,,0.002935049,0.009677535,0.001953496,0.014566079
218,Oeste,CSA,2,1,10,18,0.49,0.51,1,0.342649052,0.253897484,0.403453464,,0,0,0,,0.342649052,0.253897484,0.403453464,,0.342649052,0.253897484,0.403453464,,,,1,,2.54,3.04,3.14,,0.393700787,0.328947368,0.318471338,,1.041119493,,0.378151394,0.315955441,0.305893166,,,,0.083849466,0.008469025,0.213470491,,645.0174889,0,0,"R$ 1,338.72",112.2509536,11.33765248,285.7772058,,,0.001260416,0.00385119,0.009518012,0.014629618
219,Sampaio CorrÃªa,Vila Nova,0,0,26,9,0.6,0.4,0,0.296040136,0.347009372,0.356950492,,0,0,0,,0.296040136,0.347009372,0.356950492,,0.296040136,0.347009372,0.356950492,,,,2,,2.47,2.97,3.35,,0.4048583,0.336700337,0.298507463,,1.040066099,,0.389262086,0.323729749,0.287008165,,,,0.011036142,0.127147208,0.164995415,,285.1174221,0,0,"R$ 1,214.47",13.40308123,154.4166683,200.3822399,,,0.008690332,0.000541941,0.004891929,0.014124202
220,Figueirense,Brasil de Pelotas,1,1,17,13,0.59,0.41,0,0.586728625,0.253977614,0.159293762,,0,0,0,,0.586728625,0.253977614,0.159293762,,0.586728625,0.253977614,0.159293762,,,,2,,1.98,3.15,4.62,,0.505050505,0.317460317,0.216450216,,1.038961039,,0.486111111,0.305555556,0.208333333,,,,0.378005708,0.017145111,0,,0,458.617505,0,"R$ 1,304.89",493.2547652,22.3724332,0,,,0.010123884,0.002660284,0.00240488,0.015189048
221,Coritiba,Oeste,0,2,22,7,0.59,0.41,-1,0.40527408,0.258350602,0.336375318,,0,0,0,,0.40527408,0.258350602,0.336375318,,0.40527408,0.258350602,0.336375318,,,,3,,2.17,3.05,3.97,,0.460829493,0.327868852,0.251889169,,1.040587514,,0.442855105,0.315080517,0.242064377,,,,0.131206836,0.015186865,0.169215448,,0,70.47316458,0,R$ 859.73,112.8028527,13.05664968,145.4801131,,,0.001412333,0.003218283,0.008894554,0.01352517
222,AtlÃ©tico GO,CRB,1,0,16,15,0.63,0.37,1,0.585097152,0.202189467,0.212713382,,0,0,0,,0.585097152,0.202189467,0.212713382,,0.585097152,0.202189467,0.212713382,,,,1,,1.76,3.36,5.79,,0.568181818,0.297619048,0.172711572,,1.038512437,,0.547111231,0.286582073,0.166306695,,,,0.349356897,0,0.076739873,,0,0,577.556049,"R$ 1,165.95",407.3324931,0,89.47481487,,,0.00144293,0.007122112,0.002153581,0.010718623
223,Ponte Preta,Guarani,0,0,15,9,0.58,0.42,0,0.450836923,0.269699548,0.279463529,,0,0,0,,0.450836923,0.269699548,0.279463529,,0.450836923,0.269699548,0.279463529,,,,2,,1.93,3.42,4.35,,0.518134715,0.292397661,0.229885057,,1.040417433,,0.498006568,0.281038794,0.220954638,,,,0.166296469,0.056161404,0.113822961,,716.9051878,0,0,"R$ 1,386.05",230.4947813,77.84236596,157.7640146,,,0.002224975,0.000128578,0.00342329,0.005776844
224,SÃ£o Bento,AvaÃ­,0,1,13,10,0.62,0.38,-1,0.277114111,0.271327528,0.451558361,,0,0,0,,0.277114111,0.271327528,0.451558361,,0.277114111,0.271327528,0.451558361,,,,3,,2.72,2.93,3.02,,0.367647059,0.341296928,0.331125828,,1.040069815,,0.353483058,0.328148095,0.318368847,,,,0.01134724,0.022633852,0.269955169,,0,266.2208916,0,"R$ 1,186.17",13.4597227,26.84752983,320.2119376,,,0.005832216,0.003228577,0.017739447,0.02680024
225,Vila Nova,GoiÃ¡s,3,0,11,7,0.4,0.6,1,0.52181832,0.277607784,0.200573896,,0,0,0,,0.52181832,0.277607784,0.200573896,,0.52181832,0.277607784,0.200573896,,,,1,,2.31,2.98,3.69,,0.432900433,0.33557047,0.27100271,,1.039473613,,0.416461205,0.32282731,0.260711486,,,,0.314813264,0.035194289,0,,0,0,967.0400514,"R$ 1,792.69",564.3619448,63.0923773,0,,,0.011100122,0.002044806,0.00361653,0.016761457
226,CSA,CriciÃºma,3,0,8,3,0.51,0.49,1,0.63000763,0.225649285,0.144343085,,0,0,0,,0.63000763,0.225649285,0.144343085,,0.63000763,0.225649285,0.144343085,,,,1,,1.91,3.2,4.2,,0.523560209,0.3125,0.238095238,,1.074155448,,0.487415681,0.290926235,0.221658084,,,,0.436294347,0,0,,1303.676092,0,0,"R$ 2,468.91",1077.171356,0,0,,,0.020332464,0.00426108,0.005977609,0.030571153
227,Paysandu,Sampaio CorrÃªa,0,1,15,12,0.52,0.48,-1,0.377723271,0.260906804,0.361369925,,0,0,0,,0.377723271,0.260906804,0.361369925,,0.377723271,0.260906804,0.361369925,,,,3,,2.42,2.99,3.42,,0.41322314,0.334448161,0.292397661,,1.040068962,,0.397303598,0.321563447,0.281132955,,,,0.120584127,0.013718444,0.174635985,,2057.397289,0,0,"R$ 3,449.14",415.9110111,47.3167748,602.3432023,,,0.000383389,0.003679228,0.006437971,0.010500589
228,Fortaleza,Londrina,2,1,23,6,0.6,0.4,1,0.610824656,0.245874865,0.143300479,,0,0,0,,0.610824656,0.245874865,0.143300479,,0.610824656,0.245874865,0.143300479,,,,1,,1.66,3.73,5.86,,0.602409639,0.268096515,0.170648464,,1.041154617,,0.578597673,0.257499232,0.163903095,,,,0.376381678,0.043696545,0,,0,0,2060.013752,"R$ 4,443.58",1672.4815,194.1690227,0,,,0.001038578,0.000135126,0.000424468,0.001598172
229,Juventude,Boa,0,0,10,9,0.55,0.45,0,0.602021683,0.263677508,0.134300809,,0,0,0,,0.602021683,0.263677508,0.134300809,,0.602021683,0.263677508,0.134300809,,,,2,,1.95,2.95,4.5,,0.512820513,0.338983051,0.222222222,,1.074025786,,0.477475047,0.315619099,0.206905854,,,,0.397930238,0.014076663,0,,2776.31929,0,0,"R$ 5,353.25",2130.218929,75.35585796,0,,,0.015511865,0.002697929,0.005271493,0.023481286
230,Brasil de Pelotas,Coritiba,0,1,10,7,0.65,0.35,-1,0.255238756,0.303441453,0.441319791,,0,0,0,,0.255238756,0.303441453,0.441319791,,0.255238756,0.303441453,0.441319791,,,,3,,2.33,3.14,3.43,,0.429184549,0.318471338,0.29154519,,1.039201076,,0.412994712,0.30645786,0.280547428,,,,0,0.081607521,0.278439264,,0,222.299781,0,"R$ 3,369.97",0,275.0150749,938.3325723,,,0.024886942,9.09871E-06,0.025847753,0.050743793
231,CriciÃºma,Guarani,0,0,15,14,0.47,0.53,0,0.309872227,0.256593386,0.433534386,,0,0,0,,0.309872227,0.256593386,0.433534386,,0.309872227,0.256593386,0.433534386,,,,2,,2.59,3.12,3,,0.386100386,0.320512821,0.333333333,,1.03994654,,0.371269456,0.308201247,0.320529297,,,,0.043413627,0.018322035,0.244712515,,0,0,3218.480723,"R$ 5,375.11",233.3528167,98.48286856,1315.355524,,,0.00376962,0.002663371,0.01277015,0.019203141
232,Oeste,SÃ£o Bento,0,1,15,13,0.66,0.34,-1,0.534320423,0.249878835,0.215800742,,0,0,0,,0.534320423,0.249878835,0.215800742,,0.534320423,0.249878835,0.215800742,,,,3,,1.89,3.19,5.06,,0.529100529,0.313479624,0.197628458,,1.040208611,,0.50864848,0.301362266,0.189989254,,,,0.287929112,0.014731134,0.060820651,,0,307.2665499,0,"R$ 4,035.18",1161.845968,59.44278759,245.4223128,,,0.000659049,0.002650544,0.000666233,0.003975825
233,Londrina,AtlÃ©tico GO,4,1,18,10,0.52,0.48,1,0.367369869,0.224757761,0.40787237,,0,0,0,,0.367369869,0.224757761,0.40787237,,0.367369869,0.224757761,0.40787237,,,,1,,2.4,3.14,3.29,,0.416666667,0.318471338,0.303951368,,1.039089372,,0.400992136,0.306490804,0.29251706,,,,0.103773981,0,0.227894367,,0,0,1241.836903,"R$ 3,810.31",395.4106675,0,868.3473721,,,0.001130457,0.00668029,0.013306848,0.021117595
234,Paysandu,Juventude,3,3,21,9,0.61,0.39,0,0.379780093,0.276990208,0.343229698,,0,0,0,,0.379780093,0.276990208,0.343229698,,0.379780093,0.276990208,0.343229698,,,,2,,2.41,2.97,3.47,,0.414937759,0.336700337,0.288184438,,1.039822534,,0.399046708,0.323805578,0.277147714,,,,0.122427434,0.033552568,0.153958718,,948.9856021,0,0,"R$ 3,495.53",427.9492591,117.2841406,538.167931,,,0.000371202,0.002191679,0.004366829,0.00692971
235,Ponte Preta,Vila Nova,1,1,3,5,0.52,0.48,0,0.408329897,0.401310836,0.190359266,,0,0,0,,0.408329897,0.401310836,0.190359266,,0.408329897,0.401310836,0.190359266,,,,2,,2.3,2.95,3.76,,0.434782609,0.338983051,0.265957447,,1.039723106,,0.418171536,0.326032045,0.255796418,,,,0.151082026,0.198365357,0,,0,348.3338976,0,"R$ 2,760.47",417.0568811,547.5809339,0,,,9.68579E-05,0.005666896,0.004282021,0.010045775
236,CRB,Sampaio CorrÃªa,2,1,8,14,0.39,0.61,1,0.382664536,0.262161292,0.355174172,,0,0,0,,0.382664536,0.262161292,0.355174172,,0.382664536,0.262161292,0.355174172,,,,1,,1.85,3.34,4.93,,0.540540541,0.299401198,0.202839757,,1.042781495,,0.518364147,0.287117866,0.194517986,,,,0.048969691,0.041251499,0.224377858,,0,1615.363755,0,"R$ 3,411.19",167.0450413,140.7168047,765.3960666,,,0.018414384,0.000622831,0.02581041,0.044847625
237,AvaÃ­,Figueirense,0,1,24,7,0.59,0.41,-1,0.474464666,0.255943763,0.269591571,,0,0,0,,0.474464666,0.255943763,0.269591571,,0.474464666,0.255943763,0.269591571,,,,3,,2.02,3.09,4.51,,0.495049505,0.323624595,0.22172949,,1.04040359,,0.475824487,0.311056785,0.213118728,,,,0.214298659,0.015148864,0.107638483,,309.0333265,0,0,"R$ 2,647.07",567.2631046,40.10007262,284.9263735,,,1.84911E-06,0.003037445,0.003189182,0.006228476
238,GoiÃ¡s,Fortaleza,3,1,13,10,0.43,0.57,1,0.244009803,0.239483804,0.516506393,,0,0,0,,0.244009803,0.239483804,0.516506393,,0.244009803,0.239483804,0.516506393,,,,1,,2.48,3.27,3.03,,0.403225806,0.305810398,0.330033003,,1.039069207,,0.388064437,0.294311866,0.317623697,,,,0,0.006910044,0.356937546,,0,0,1285.017944,"R$ 3,039.80",0,21.0051255,1085.017434,,,0.020751738,0.003006116,0.039554327,0.063312181
239,Boa,CSA,3,0,17,10,0.48,0.52,1,0.047264093,0.218969275,0.733766632,,0,0,0,,0.047264093,0.218969275,0.733766632,,0.047264093,0.218969275,0.733766632,,,,1,,0,0,0,,#DIV/0!,#DIV/0!,#DIV/0!,,#DIV/0!,,#DIV/0!,#DIV/0!,#DIV/0!,,,,#DIV/0!,#DIV/0!,#DIV/0!,,0,0,0,"R$ 1,933.77",0,0,0,,,#DIV/0!,#DIV/0!,#DIV/0!,#DIV/0!
240,Guarani,GoiÃ¡s,0,2,16,14,0.65,0.35,-1,0.574096039,0.196285124,0.229618838,,0,0,0,,0.574096039,0.196285124,0.229618838,,0.574096039,0.196285124,0.229618838,,,,3,,2.2,3.1,3.35,,0.454545455,0.322580645,0.298507463,,1.075633562,,0.422583927,0.299898271,0.277517803,,,,0.380503329,0,0,,0,0,0,"R$ 1,933.77",735.8073499,0,0,,,0.02295592,0.010735684,0.002294311,0.035985915
241,SÃ£o Bento,Paysandu,1,0,7,14,0.54,0.46,1,0.472757509,0.270256408,0.256986083,,0,0,0,,0.472757509,0.270256408,0.256986083,,0.472757509,0.270256408,0.256986083,,,,1,,2.15,2.9,3.85,,0.465116279,0.344827586,0.25974026,,1.069684125,,0.434816474,0.322363937,0.242819589,,,,0.227528443,0.018620687,0.063995455,,0,0,0,"R$ 1,197.97",272.57143,22.3069569,76.66440503,,,0.001439522,0.002715195,0.00020069,0.004355406
242,Juventude,CriciÃºma,0,1,9,3,0.51,0.49,-1,0.428271646,0.271794383,0.299933971,,0,0,0,,0.428271646,0.271794383,0.299933971,,0.428271646,0.271794383,0.299933971,,,,3,,2.05,2.9,4,,0.487804878,0.344827586,0.25,,1.082632464,,0.450572927,0.318508448,0.230918625,,,,0.149379766,0.020688998,0.124917464,,586.0285746,0,0,"R$ 1,412.45",210.9917764,29.22222012,176.4399442,,,0.000497347,0.002182204,0.004763118,0.007442669
243,AvaÃ­,CRB,1,0,14,11,0.46,0.54,1,0.60496046,0.235986311,0.15905323,,0,0,0,,0.60496046,0.235986311,0.15905323,,0.60496046,0.235986311,0.15905323,,,,1,,0,0,0,,#DIV/0!,#DIV/0!,#DIV/0!,,#DIV/0!,,#DIV/0!,#DIV/0!,#DIV/0!,,,,#DIV/0!,#DIV/0!,#DIV/0!,,0,0,705.7597768,"R$ 1,701.56",0,0,0,,,#DIV/0!,#DIV/0!,#DIV/0!,#DIV/0!
244,Fortaleza,Figueirense,2,2,18,6,0.59,0.41,0,0.472214534,0.270357448,0.257428018,,0,0,0,,0.472214534,0.270357448,0.257428018,,0.472214534,0.270357448,0.257428018,,,,2,,1.61,3.55,5.75,,0.621118012,0.281690141,0.173913043,,1.076721197,,0.576860578,0.26161846,0.161520962,,,,0.144397474,0.064824335,0.128285065,,0,0,0,"R$ 1,701.56",245.7006803,110.3023666,218.2844802,,,0.010950795,7.63699E-05,0.009198163,0.020225328
245,Vila Nova,Oeste,1,1,17,11,0.59,0.41,0,0.315225592,0.381355964,0.303418444,,0,0,0,,0.315225592,0.381355964,0.303418444,,0.315225592,0.381355964,0.303418444,,,,2,,2.41,3.01,3.41,,0.414937759,0.332225914,0.293255132,,1.040418805,,0.398818012,0.319319405,0.281862583,,,,0.031086833,0.175826384,0.099142328,,0,391.5734013,0,"R$ 1,518.84",47.21604717,267.0528293,150.5817191,,,0.006987693,0.003848535,0.000464655,0.011300882
246,AtlÃ©tico GO,Ponte Preta,2,0,13,9,0.49,0.51,1,0.399920255,0.239596563,0.360483182,,0,0,0,,0.399920255,0.239596563,0.360483182,,0.399920255,0.239596563,0.360483182,,,,1,,2.4,2.9,3.1,,0.416666667,0.344827586,0.322580645,,1.084074898,,0.384352287,0.318084652,0.297563061,,,,0.149887028,0,0.154187434,,0,803.8290161,0,"R$ 1,857.82",278.4634648,0,286.4528557,,,0.000242362,0.00616038,0.003958942,0.010361683
247,CSA,Londrina,4,1,9,11,0.44,0.56,1,0.617359039,0.223667608,0.158973353,,0,0,0,,0.617359039,0.223667608,0.158973353,,0.617359039,0.223667608,0.158973353,,,,1,,1.91,3.15,4.4,,0.523560209,0.317460317,0.227272727,,1.068293254,,0.490090345,0.297165892,0.212743763,,,,0.417023457,0,0,,668.3123156,0,0,"R$ 1,961.22",817.8740392,0,0,,,0.01619732,0.005401998,0.002891257,0.024490575
248,Coritiba,Boa,2,1,8,7,0.52,0.48,1,0.752521834,0.190324204,0.057153962,,0,0,0,,0.752521834,0.190324204,0.057153962,,0.752521834,0.190324204,0.057153962,,,,1,,1.91,3,4.75,,0.523560209,0.333333333,0.210526316,,1.067419859,,0.490491352,0.312279494,0.197229154,,,,0.622952114,0,0,,1562.139415,0,0,"R$ 2,705.48",1685.386779,0,0,,,0.068659973,0.014873093,0.019621059,0.103154126
249,Sampaio CorrÃªa,Brasil de Pelotas,1,2,18,3,0.63,0.37,-1,0.473629174,0.286031416,0.24033941,,0,0,0,,0.473629174,0.286031416,0.24033941,,0.473629174,0.286031416,0.24033941,,,,3,,2.15,2.9,3.85,,0.465116279,0.344827586,0.25974026,,1.069684125,,0.434816474,0.322363937,0.242819589,,,,0.228805534,0.039835353,0.043024971,,3219.088747,0,0,"R$ 4,239.19",969.9491368,168.869455,182.3908399,,,0.001506426,0.001320052,6.15129E-06,0.002832629
250,Oeste,AtlÃ©tico GO,1,2,14,14,0.58,0.42,-1,0.454631754,0.212495278,0.332872968,,0,0,0,,0.454631754,0.212495278,0.332872968,,0.454631754,0.212495278,0.332872968,,,,3,,2.45,2.75,3.25,,0.408163265,0.363636364,0.307692308,,1.079491937,,0.378106822,0.336858805,0.285034373,,,,0.23203247,0,0.127603112,,0,0,702.2047336,"R$ 3,620.18",839.9995283,0,461.9463557,,,0.005856065,0.015466287,0.002288531,0.023610883
251,Boa,GoiÃ¡s,1,0,12,13,0.44,0.56,1,0.241010678,0.232990534,0.525998788,,0,0,0,,0.241010678,0.232990534,0.525998788,,0.241010678,0.232990534,0.525998788,,,,1,,2.6,2.9,2.9,,0.384615385,0.344827586,0.344827586,,1.074270557,,0.358024691,0.320987654,0.320987654,,,,0,0,0.362550094,,0,0,1501.325656,"R$ 3,819.56",0,0,1384.782101,,,0.013692279,0.007743493,0.042029565,0.063465337
252,CRB,Guarani,1,1,13,9,0.57,0.43,0,0.259395656,0.249284221,0.491320123,,0,0,0,,0.259395656,0.249284221,0.491320123,,0.259395656,0.249284221,0.491320123,,,,2,,2.35,2.85,3.35,,0.425531915,0.350877193,0.298507463,,1.074916571,,0.395874365,0.326422722,0.277702913,,,,0,0,0.339475384,,0,0,0,"R$ 2,434.78",0,0,826.5474077,,,0.018626438,0.005950348,0.045632312,0.070209099
253,Paysandu,AvaÃ­,2,1,20,11,0.47,0.53,1,0.238297874,0.256895572,0.504806554,,0,0,0,,0.238297874,0.256895572,0.504806554,,0.238297874,0.256895572,0.504806554,,,,1,,3.2,2.95,2.35,,0.3125,0.338983051,0.425531915,,1.077014966,,0.290153814,0.31474312,0.395103066,,,,0.00026596,0.004995766,0.294085939,,0,0,0,"R$ 1,608.23",0.427724571,8.034346672,472.9581871,,,0.002689039,0.003346339,0.012034855,0.018070233
254,Juventude,SÃ£o Bento,0,2,7,4,0.59,0.41,-1,0.451477534,0.289598813,0.258923653,,0,0,0,,0.451477534,0.289598813,0.258923653,,0.451477534,0.289598813,0.258923653,,,,3,,2,2.9,4.45,,0.5,0.344827586,0.224719101,,1.069546687,,0.467487774,0.322405361,0.210106865,,,,0.177216301,0.044632886,0.092389642,,1.368718629,0,0,"R$ 1,128.18",199.9318293,50.35391544,104.232117,,,0.000256328,0.00107627,0.002383079,0.003715676
255,Figueirense,CSA,1,2,10,7,0.68,0.32,-1,0.375274571,0.23861481,0.386110619,,0,0,0,,0.375274571,0.23861481,0.386110619,,0.375274571,0.23861481,0.386110619,,,,3,,2,3,4.1,,0.5,0.333333333,0.243902439,,1.077235772,,0.464150943,0.309433962,0.226415094,,,,0.062911857,0,0.236381502,,0,0,463.8329207,"R$ 1,237.49",77.85309128,0,292.5208641,,,0.007899009,0.005015352,0.025502661,0.038417022
256,CriciÃºma,Fortaleza,2,0,7,14,0.35,0.65,1,0.195190312,0.290829493,0.513980195,,0,0,0,,0.195190312,0.290829493,0.513980195,,0.195190312,0.290829493,0.513980195,,,,1,,2.7,2.95,2.7,,0.37037037,0.338983051,0.37037037,,1.079723792,,0.343023256,0.313953488,0.343023256,,,,0,0.050432711,0.33397286,,0,0,1199.335543,"R$ 2,066.46",0,104.2169945,690.1403282,,,0.021854579,0.000534719,0.029226275,0.051615573
257,Londrina,Brasil de Pelotas,1,0,16,9,0.57,0.43,1,0.449991224,0.299118859,0.250889917,,0,0,0,,0.449991224,0.299118859,0.250889917,,0.449991224,0.299118859,0.250889917,,,,1,,2.65,2.93,3.12,,0.377358491,0.341296928,0.320512821,,1.039168239,,0.363135127,0.328432794,0.308432079,,,,0.242440742,0.059910278,0.010790531,,0,0,0,"R$ 1,272.10",308.4086264,76.21180539,13.72662425,,,0.007543982,0.000859307,0.0033111,0.011714389
258,Ponte Preta,Sampaio CorrÃªa,0,0,8,8,0.55,0.45,0,0.560333259,0.254906288,0.184760454,,0,0,0,,0.560333259,0.254906288,0.184760454,,0.560333259,0.254906288,0.184760454,,,,2,,1.67,3.35,5.65,,0.598802395,0.298507463,0.17699115,,1.074301008,,0.557387911,0.277862033,0.164750055,,,,0.297059761,0.032490255,0.040470269,,817.2828599,0,0,"R$ 1,691.03",502.3383957,54.9421513,68.43663323,,,8.67507E-06,0.000526966,0.000400416,0.000936057
259,Vila Nova,Coritiba,2,1,14,12,0.49,0.51,1,0.32424828,0.38364222,0.2921095,,0,0,0,,0.32424828,0.38364222,0.2921095,,0.32424828,0.38364222,0.2921095,,,,1,,1.95,3.05,4.3,,0.512820513,0.327868852,0.23255814,,1.073247505,,0.477821295,0.305492303,0.216686401,,,,0,0.181557702,0.127483802,,0,184.0562069,0,"R$ 1,249.37",0,226.8334418,159.2749266,,,0.023584671,0.00610741,0.005688644,0.035380724
260,CSA,Vila Nova,1,2,22,9,0.52,0.48,-1,0.517492809,0.333606214,0.148900977,,0,0,0,,0.517492809,0.333606214,0.148900977,,0.517492809,0.333606214,0.148900977,,,,3,,2.7,2.8,2.9,,0.37037037,0.357142857,0.344827586,,1.072340814,,0.345384943,0.333049766,0.321565291,,,,0.338786442,0.095608433,0,,0,0,0,R$ 863.27,292.4626348,82.53545846,0,,,0.029621118,3.09634E-07,0.029812965,0.059434393
261,Guarani,Juventude,1,0,16,8,0.6,0.4,1,0.528708416,0.243389001,0.227902582,,0,0,0,,0.528708416,0.243389001,0.227902582,,0.528708416,0.243389001,0.227902582,,,,1,,1.77,3.3,4.9,,0.564971751,0.303030303,0.204081633,,1.072083687,,0.526984748,0.282655456,0.190359797,,,,0.262441984,0.014112941,0.07033168,,0,0,0,R$ 488.27,128.1418575,6.890888438,34.34066461,,,2.97103E-06,0.001541854,0.001409461,0.002954286
262,Coritiba,Londrina,0,1,4,5,0.6,0.4,-1,0.522497406,0.247244501,0.230258093,,0,0,0,,0.522497406,0.247244501,0.230258093,,0.522497406,0.247244501,0.230258093,,,,3,,2.1,3,3.8,,0.476190476,0.333333333,0.263157895,,1.072681704,,0.443925234,0.310747664,0.245327103,,,,0.295115218,0,0.027694433,,226.8110878,0,0,R$ 545.71,161.0458642,0,15.11299201,,,0.006173586,0.004032652,0.000227075,0.010433313
263,Figueirense,SÃ£o Bento,2,2,4,6,0.54,0.46,0,0.538607535,0.240996905,0.22039556,,0,0,0,,0.538607535,0.240996905,0.22039556,,0.538607535,0.240996905,0.22039556,,,,2,,2.3,2.85,3.4,,0.434782609,0.350877193,0.294117647,,1.079777449,,0.402659464,0.324953252,0.272387284,,,,0.338002115,0,0,,0,0,57.42936966,R$ 426.98,144.3186428,0,0,,,0.018481878,0.007048668,0.002703139,0.028233686
264,Sampaio CorrÃªa,Fortaleza,1,0,9,11,0.4,0.6,1,0.249022939,0.273691711,0.47728535,,0,0,0,,0.249022939,0.273691711,0.47728535,,0.249022939,0.273691711,0.47728535,,,,1,,3.35,2.95,2.25,,0.298507463,0.338983051,0.444444444,,1.081934958,,0.275901486,0.313311857,0.410786657,,,,0.024850682,0.027485511,0.244967728,,0,0,0,R$ 282.66,7.02421718,7.768969924,69.24182294,,,0.000722456,0.001569756,0.004422076,0.006714288
265,Brasil de Pelotas,CRB,1,0,10,8,0.56,0.44,1,0.397040315,0.313314232,0.289645452,,0,0,0,,0.397040315,0.313314232,0.289645452,,0.397040315,0.313314232,0.289645452,,,,1,,2.45,2.75,3.25,,0.408163265,0.363636364,0.307692308,,1.079491937,,0.378106822,0.336858805,0.285034373,,,,0.150934321,0.063610316,0.071074822,,23.53112755,0,0,R$ 222.15,33.5305176,14.13122487,15.78948742,,,0.000358477,0.000554347,2.1262E-05,0.000934086
266,CriciÃºma,AvaÃ­,3,2,6,6,0.39,0.61,1,0.28169376,0.263406565,0.454899675,,0,0,0,,0.28169376,0.263406565,0.454899675,,0.28169376,0.263406565,0.454899675,,,,1,,2.95,2.8,2.6,,0.338983051,0.357142857,0.384615385,,1.080741293,,0.313657906,0.330461008,0.355881086,,,,0.038200119,0.000337481,0.245245704,,82.14976811,0,0,R$ 240.85,9.200558855,0.081282847,59.06781372,,,0.001021707,0.004496298,0.009804681,0.015322686
267,Boa,Paysandu,1,1,11,14,0.52,0.48,0,0.227412913,0.278215887,0.4943712,,0,0,0,,0.227412913,0.278215887,0.4943712,,0.227412913,0.278215887,0.4943712,,,,2,,2.35,2.85,3.3,,0.425531915,0.350877193,0.303030303,,1.079439411,,0.394215655,0.325055014,0.28072933,,,,0,0.024958303,0.341150352,,27.14164862,0,0,R$ 199.64,0,4.982764733,68.10847303,,,0.027823155,0.002193904,0.045642849,0.075659907
268,GoiÃ¡s,AtlÃ©tico GO,2,1,11,13,0.52,0.48,1,0.389453663,0.196480841,0.414065497,,0,0,0,,0.389453663,0.196480841,0.414065497,,0.389453663,0.196480841,0.414065497,,,,1,,2,3.35,3.6,,0.5,0.298507463,0.277777778,,1.07628524,,0.464560863,0.277349769,0.258089368,,,,0.084180495,0,0.251305913,,0,14.20087949,0,R$ 140.75,11.84867471,0,35.37211358,,,0.005641091,0.006539784,0.024328553,0.036509428
269,Oeste,Ponte Preta,0,0,11,19,0.47,0.53,0,0.37187861,0.290555013,0.337566378,,0,0,0,,0.37187861,0.290555013,0.337566378,,0.37187861,0.290555013,0.337566378,,,,2,,2.9,2.85,2.65,,0.344827586,0.350877193,0.377358491,,1.07306327,,0.321348793,0.326986491,0.351664717,,,,0.155285027,0.041626947,0.087591426,,23.69734941,0,0,R$ 117.23,18.20402799,4.879917458,10.26832274,,,0.002553262,0.001327253,0.000198763,0.004079278
270,AtlÃ©tico GO,Juventude,0,1,13,9,0.65,0.35,-1,0.522153455,0.219447153,0.258399392,,0,0,0,,0.522153455,0.219447153,0.258399392,,0.522153455,0.219447153,0.258399392,,,,3,,1.71,3.45,4.95,,0.584795322,0.289855072,0.202020202,,1.076670596,,0.543151567,0.269214255,0.187634178,,,,0.242711031,0,0.108581087,,0,13.90776476,0,R$ 97.79,23.73356281,0,10.61763055,,,0.000440921,0.002476764,0.005007716,0.007925401
271,Londrina,Figueirense,2,0,10,12,0.42,0.58,1,0.318584331,0.26086605,0.420549619,,0,0,0,,0.318584331,0.26086605,0.420549619,,0.318584331,0.26086605,0.420549619,,,,1,,2.15,3.05,3.55,,0.465116279,0.327868852,0.281690141,,1.074675272,,0.432797042,0.305086439,0.262116518,,,,0.001646811,0.01852705,0.25732416,,0,0,52.5572712,R$ 115.99,0.191015768,2.148977433,29.84737516,,,0.013044543,0.001955443,0.025101047,0.040101034
272,GoiÃ¡s,Ponte Preta,2,2,24,11,0.64,0.36,0,0.297385858,0.250817648,0.451796494,,0,0,0,,0.297385858,0.250817648,0.451796494,,0.297385858,0.250817648,0.451796494,,,,2,,2.05,3.05,3.9,,0.487804878,0.327868852,0.256410256,,1.072083987,,0.455006216,0.30582385,0.239169934,,,,0,0.00518409,0.311231492,,0.4106839,0,0,R$ 84.21,0,0.436576373,26.21025423,,,0.024844177,0.003025682,0.045210054,0.073079914
273,SÃ£o Bento,Boa,0,0,5,8,0.52,0.48,0,0.628521084,0.250127438,0.121351478,,0,0,0,,0.628521084,0.250127438,0.121351478,,0.628521084,0.250127438,0.121351478,,,,2,,2.15,2.8,3.9,,0.465116279,0.357142857,0.256410256,,1.078669393,,0.431194472,0.331095755,0.237709773,,,,0.455740193,0,0,,0,1.331557936,0,R$ 58.90,26.84281801,0,0,,,0.038937792,0.006555868,0.013539253,0.059032913
274,CRB,Coritiba,1,1,16,10,0.58,0.42,0,0.2595604,0.275527569,0.464912031,,0,0,0,,0.2595604,0.275527569,0.464912031,,0.2595604,0.275527569,0.464912031,,,,2,,2.1,2.9,3.9,,0.476190476,0.344827586,0.256410256,,1.077428319,,0.441969519,0.320046893,0.237983587,,,,0,0.025709489,0.327709988,,0,0,0,R$ 32.06,0,0.82415802,10.50525784,,,0.033273087,0.00198197,0.051496519,0.086751576
275,Fortaleza,Vila Nova,2,0,17,7,0.66,0.34,1,0.439963417,0.410870597,0.149165986,,0,0,0,,0.439963417,0.410870597,0.149165986,,0.439963417,0.410870597,0.149165986,,,,1,,2,3,4.2,,0.5,0.333333333,0.238095238,,1.071428571,,0.466666667,0.311111111,0.222222222,,,,0.159945126,0.214494129,0,,0,2.390058258,0,R$ 23.12,3.697485284,4.958506139,0,,,0.000713064,0.009951955,0.005337214,0.016002232
276,Brasil de Pelotas,Oeste,1,3,17,15,0.61,0.39,-1,0.240433436,0.299923853,0.459642711,,0,0,0,,0.240433436,0.299923853,0.459642711,,0.240433436,0.299923853,0.459642711,,,,3,,2.15,2.9,3.75,,0.465116279,0.344827586,0.266666667,,1.076610532,,0.432019068,0.320289999,0.247690933,,,,0,0.058518285,0.315547434,,7.394970568,0,0,R$ 21.86,0,1.278986791,6.896664852,,,0.036705054,0.00041478,0.044923556,0.08204339
277,Paysandu,CriciÃºma,1,1,17,8,0.62,0.38,0,0.376008102,0.268172313,0.355819585,,0,0,0,,0.376008102,0.268172313,0.355819585,,0.376008102,0.268172313,0.355819585,,,,2,,2,3.15,3.85,,0.5,0.317460317,0.25974026,,1.077200577,,0.464166109,0.29470864,0.241125251,,,,0.064012153,0.035846063,0.188499997,,0,0,25.8624932,R$ 39.54,2.531234623,1.417462027,7.453861426,,,0.007771834,0.000704177,0.01315479,0.021630801
278,Guarani,CSA,1,0,12,13,0.51,0.49,1,0.406119134,0.23222238,0.361658486,,0,0,0,,0.406119134,0.23222238,0.361658486,,0.406119134,0.23222238,0.361658486,,,,1,,1.8,3.35,4.6,,0.555555556,0.298507463,0.217391304,,1.071454323,,0.518506057,0.278600269,0.202893674,,,,0.07618532,0.003035031,0.222888592,,0,4.465005386,0,R$ 32.61,2.484058871,0.098958633,7.267389393,,,0.01263082,0.002150909,0.025206266,0.039987995
279,AvaÃ­,Sampaio CorrÃªa,3,1,14,15,0.54,0.46,1,0.586185567,0.229298407,0.184516027,,0,0,0,,0.586185567,0.229298407,0.184516027,,0.586185567,0.229298407,0.184516027,,,,1,,1.53,3.6,6.7,,0.653594771,0.277777778,0.149253731,,1.08062628,,0.60482961,0.257052584,0.138117806,,,,0.315718617,0.015214631,0.062802001,,4.471305967,0,0,R$ 27.23,8.595874579,0.414239307,1.709871055,,,0.0003476,0.000770294,0.002152795,0.00327069
280,Fortaleza,SÃ£o Bento,2,1,13,9,0.57,0.43,1,0.591373926,0.256507747,0.152118327,,0,0,0,,0.591373926,0.256507747,0.152118327,,0.591373926,0.256507747,0.152118327,,,,1,,1.5,3.8,6.8,,0.666666667,0.263157895,0.147058824,,1.076883385,,0.619070436,0.244369909,0.136559655,,,,0.318956543,0.060851891,0.027429846,,13.15168811,0,0,R$ 29.66,9.459639214,1.804750352,0.813516603,,,0.000767097,0.000147327,0.000242072,0.001156496
281,Ponte Preta,Brasil de Pelotas,0,1,18,9,0.61,0.39,-1,0.588902776,0.289078692,0.122018532,,0,0,0,,0.588902776,0.289078692,0.122018532,,0.588902776,0.289078692,0.122018532,,,,3,,1.62,3.45,5.8,,0.617283951,0.289855072,0.172413793,,1.079552816,,0.571795971,0.268495499,0.15970853,,,,0.335139057,0.083014545,0,,14.18945882,0,0,R$ 31.77,10.64724531,2.637341731,0,,,0.000292643,0.000423668,0.001420536,0.002136847
282,Juventude,Londrina,0,0,12,8,0.56,0.44,0,0.448294575,0.276833897,0.274871528,,0,0,0,,0.448294575,0.276833897,0.274871528,,0.448294575,0.276833897,0.274871528,,,,2,,2.3,2.9,3.35,,0.434782609,0.344827586,0.298507463,,1.078117658,,0.403279369,0.319842258,0.276878373,,,,0.208422651,0.027466275,0.058415268,,0,0,0,R$ 18.49,3.852702562,0.507715397,1.079808986,,,0.002026369,0.001849719,4.02743E-06,0.003880115
283,Paysandu,GoiÃ¡s,2,3,17,10,0.61,0.39,-1,0.408532289,0.227104485,0.364363226,,0,0,0,,0.408532289,0.227104485,0.364363226,,0.408532289,0.227104485,0.364363226,,,,3,,2.35,3.15,2.95,,0.425531915,0.317460317,0.338983051,,1.081975283,,0.393291715,0.293408105,0.31330018,,,,0.156843901,0,0.148893133,,0,1.472374653,0,R$ 14.52,2.2769335,0,2.161510648,,,0.000232275,0.00439617,0.002607435,0.00723588
284,Vila Nova,Guarani,1,1,14,15,0.51,0.49,0,0.334339831,0.34317262,0.322487548,,0,0,0,,0.334339831,0.34317262,0.322487548,,0.334339831,0.34317262,0.322487548,,,,2,,2.05,2.95,4,,0.487804878,0.338983051,0.25,,1.076787929,,0.453018524,0.314809483,0.232171993,,,,0.009627553,0.120519271,0.153109435,,0,0,6.37645641,R$ 16.46,0.158423387,1.983169581,2.519447487,,,0.014084632,0.000804468,0.008156899,0.023045999
285,Oeste,Sampaio CorrÃªa,0,0,13,25,0.42,0.58,0,0.536594487,0.234362327,0.229043186,,0,0,0,,0.536594487,0.234362327,0.229043186,,0.536594487,0.234362327,0.229043186,,,,2,,2.05,3,3.95,,0.487804878,0.333333333,0.253164557,,1.074302768,,0.454066481,0.310278762,0.235654756,,,,0.310543017,0,0.033864246,,0,5.850350263,0,R$ 17.64,5.479381569,0,0.597518262,,,0.006810872,0.005763305,4.37129E-05,0.01261789
286,Figueirense,AtlÃ©tico GO,2,2,17,11,0.47,0.53,0,0.461854137,0.203519672,0.334626191,,0,0,0,,0.461854137,0.203519672,0.334626191,,0.461854137,0.203519672,0.334626191,,,,2,,2.3,3.05,3.15,,0.434782609,0.327868852,0.317460317,,1.080111779,,0.402534828,0.303550854,0.293914319,,,,0.227877675,0,0.12339641,,0,0,0,R$ 11.57,2.63600172,0,1.427402444,,,0.00351878,0.010006237,0.001657457,0.015182474
287,CRB,CSA,0,0,15,11,0.5,0.5,0,0.175122629,0.256342742,0.568534628,,0,0,0,,0.175122629,0.256342742,0.568534628,,0.175122629,0.256342742,0.568534628,,,,2,,0,0,0,,#DIV/0!,#DIV/0!,#DIV/0!,,#DIV/0!,,#DIV/0!,#DIV/0!,#DIV/0!,,,,#DIV/0!,#DIV/0!,#DIV/0!,,0,0,0,R$ 7.50,0,0,0,,,#DIV/0!,#DIV/0!,#DIV/0!,#DIV/0!
288,Coritiba,AvaÃ­,1,0,9,13,0.57,0.43,1,0.369391403,0.262137972,0.368470625,,0,0,0,,0.369391403,0.262137972,0.368470625,,0.369391403,0.262137972,0.368470625,,,,1,,2.65,2.95,2.75,,0.377358491,0.338983051,0.363636364,,1.079977905,,0.349413158,0.313879617,0.336707225,,,,0.131425895,0.012015251,0.13882358,,0,0,0,R$ 7.50,0.986247917,0.090165001,1.041761721,,,0.00039913,0.002677198,0.001008914,0.004085242
289,Boa,CriciÃºma,1,2,15,10,0.56,0.44,-1,0.191302061,0.258693005,0.550004933,,0,0,0,,0.191302061,0.258693005,0.550004933,,0.191302061,0.258693005,0.550004933,,,,3,,2.2,2.95,3.5,,0.454545455,0.338983051,0.285714286,,1.079242791,,0.421170712,0.314093412,0.264735876,,,,0,0.007402498,0.421434914,,2.613556981,0,0,R$ 8.00,0,0.059216991,3.371308806,,,0.052839597,0.003069205,0.081378435,0.137287237
290,Sampaio CorrÃªa,Figueirense,1,0,7,9,0.44,0.56,1,0.345811209,0.24908305,0.405105741,,0,0,0,,0.345811209,0.24908305,0.405105741,,0.345811209,0.24908305,0.405105741,,,,1,,1.95,3.2,4,,0.512820513,0.3125,0.25,,1.075320513,,0.476900149,0.290611028,0.232488823,,,,0.010329778,0.014421503,0.256382176,,0,0,11.79958082,R$ 16.37,0.169084521,0.236060543,4.196630222,,,0.01718431,0.001724573,0.0297966,0.048705484
291,CriciÃºma,Oeste,0,0,13,8,0.5,0.5,0,0.289588071,0.271263092,0.439148837,,0,0,0,,0.289588071,0.271263092,0.439148837,,0.289588071,0.271263092,0.439148837,,,,2,,1.91,3.2,4.15,,0.523560209,0.3125,0.240963855,,1.077024065,,0.486117466,0.290151363,0.223731171,,,,0,0.043532808,0.304003978,,0.329714815,0,0,R$ 12.10,0,0.526598532,3.677411476,,,0.038623803,0.000356767,0.046404771,0.085385341
292,GoiÃ¡s,Londrina,0,0,19,5,0.59,0.41,0,0.451569316,0.225737871,0.322692813,,0,0,0,,0.451569316,0.225737871,0.322692813,,0.451569316,0.225737871,0.322692813,,,,2,,1.62,3.7,5.35,,0.617283951,0.27027027,0.186915888,,1.074470109,,0.574500813,0.251538194,0.173960994,,,,0.113031857,0.016477836,0.196093339,,0,1.685115301,0,R$ 9.58,1.082584679,0.157819693,1.878122242,,,0.015112153,0.000665657,0.022121154,0.037898964
293,CSA,Paysandu,1,0,12,9,0.43,0.57,1,0.671637983,0.211085106,0.117276911,,0,0,0,,0.671637983,0.211085106,0.117276911,,0.671637983,0.211085106,0.117276911,,,,1,,2.05,3.05,3.85,,0.487804878,0.327868852,0.25974026,,1.07541399,,0.453597296,0.304876871,0.241525833,,,,0.511461389,0,0,,0,0.583932864,0,R$ 7.04,3.602274485,0,0,,,0.047541741,0.008796895,0.015437795,0.071776431
294,SÃ£o Bento,Guarani,1,0,19,12,0.52,0.48,1,0.323197809,0.260431435,0.416370755,,0,0,0,,0.323197809,0.260431435,0.416370755,,0.323197809,0.260431435,0.416370755,,,,1,,2.7,2.8,2.9,,0.37037037,0.357142857,0.344827586,,1.072340814,,0.345384943,0.333049766,0.321565291,,,,0.072530331,0,0.215119291,,7.384662695,0,0,R$ 10.83,0.785176351,0,2.328771676,,,0.000492269,0.005273422,0.008988076,0.014753767
295,Brasil de Pelotas,Fortaleza,0,1,10,10,0.54,0.46,-1,0.158637961,0.319451722,0.521910317,,0,0,0,,0.158637961,0.319451722,0.521910317,,0.158637961,0.319451722,0.521910317,,,,3,,2.95,2.8,2.65,,0.338983051,0.357142857,0.377358491,,1.073484399,,0.315778274,0.332694968,0.351526758,,,,0,0.076398766,0.341499116,,2.119976148,0,0,R$ 9.83,0,0.751115827,3.357454651,,,0.024693078,0.000175384,0.029030557,0.053899019
296,AvaÃ­,Boa,2,0,14,11,0.52,0.48,1,0.776216002,0.168447571,0.055336426,,0,0,0,,0.776216002,0.168447571,0.055336426,,0.776216002,0.168447571,0.055336426,,,,1,,1.56,3.45,6.65,,0.641025641,0.289855072,0.15037594,,1.081256653,,0.592852436,0.268072406,0.139075158,,,,0.632764721,0,0,,0,0,8.897254826,R$ 14.62,9.251148164,0,0,,,0.033622197,0.009925108,0.007012175,0.05055948
297,Coritiba,Juventude,2,1,9,4,0.59,0.41,1,0.489087027,0.252579546,0.258333427,,0,0,0,,0.489087027,0.252579546,0.258333427,,0.489087027,0.252579546,0.258333427,,,,1,,1.95,3.05,4.25,,0.512820513,0.327868852,0.235294118,,1.075983483,,0.476606306,0.304715507,0.218678187,,,,0.227080374,0.007523659,0.083823645,,14.43179114,0,0,R$ 19.80,4.496383329,0.148974816,1.659779018,,,0.000155768,0.002718158,0.001572538,0.004446465
298,AtlÃ©tico GO,Vila Nova,2,2,16,10,0.61,0.39,0,0.434960018,0.282293113,0.282746869,,0,0,0,,0.434960018,0.282293113,0.282746869,,0.434960018,0.282293113,0.282746869,,,,2,,2.55,3,2.8,,0.392156863,0.333333333,0.357142857,,1.082633053,,0.362225097,0.307891332,0.329883571,,,,0.213375711,0.043057484,0.026585037,,8.767947491,0,0,R$ 22.26,4.750523328,0.95861699,0.591880094,,,0.005290369,0.000655269,0.002221869,0.008167506
299,Ponte Preta,CRB,1,0,9,6,0.61,0.39,1,0.604268112,0.25802566,0.137706228,,0,0,0,,0.604268112,0.25802566,0.137706228,,0.604268112,0.25802566,0.137706228,,,,1,,1.77,3.25,5.05,,0.564971751,0.307692308,0.198019802,,1.070683861,,0.527673734,0.287379234,0.184947032,,,,0.380690774,0.029725863,0,,0,2.87585097,0,R$ 18.84,7.171637839,0.559990257,0,,,0.005866699,0.000861632,0.002231694,0.008960025
300,Paysandu,CRB,1,1,16,13,0.53,0.47,0,0.399336157,0.275973941,0.324689902,,0,0,0,,0.399336157,0.275973941,0.324689902,,0.399336157,0.275973941,0.324689902,,,,2,,1.87,3.05,4.6,,0.534759358,0.327868852,0.217391304,,1.080019515,,0.495138607,0.303576785,0.201284608,,,,0.078125546,0.038588348,0.177883359,,12.69379897,0,0,R$ 23.80,1.859439312,0.91842803,4.2337408,,,0.009178109,0.000761917,0.015228867,0.025168893
301,CriciÃºma,Brasil de Pelotas,0,1,9,11,0.57,0.43,-1,0.438912355,0.305493389,0.255594256,,0,0,0,,0.438912355,0.305493389,0.255594256,,0.438912355,0.305493389,0.255594256,,,,3,,2.4,2.85,3.2,,0.416666667,0.350877193,0.3125,,1.08004386,,0.385786802,0.324873096,0.289340102,,,,0.205125836,0.061806859,0.022967461,,0,2.80120549,0,R$ 19.59,4.018467291,1.210812081,0.449938401,,,0.002822324,0.000375573,0.001138782,0.00433668
302,Juventude,GoiÃ¡s,3,5,14,16,0.47,0.53,-1,0.45535901,0.23564137,0.30899962,,0,0,0,,0.45535901,0.23564137,0.30899962,,0.45535901,0.23564137,0.30899962,,,,3,,2.9,3.05,2.45,,0.344827586,0.327868852,0.408163265,,1.080859704,,0.319030846,0.303340805,0.377628349,,,,0.267551772,0,0.026958649,,0,0,1.439802884,R$ 15.35,4.107144281,0,0.413837884,,,0.018585368,0.004583213,0.004709902,0.027878484
303,AtlÃ©tico GO,Sampaio CorrÃªa,1,2,8,8,0.66,0.34,-1,0.543807434,0.201147151,0.255045415,,0,0,0,,0.543807434,0.201147151,0.255045415,,0.543807434,0.201147151,0.255045415,,,,3,,1.74,3.35,5.05,,0.574712644,0.298507463,0.198019802,,1.071239908,,0.536492936,0.278656032,0.184851031,,,,0.281627798,0,0.107529656,,0,0,1.013902817,R$ 11.84,3.335532064,0,1.273555438,,,5.35019E-05,0.006007627,0.004927252,0.01098838
304,CSA,Ponte Preta,1,2,11,9,0.66,0.34,-1,0.461784852,0.274272998,0.26394215,,0,0,0,,0.461784852,0.274272998,0.26394215,,0.461784852,0.274272998,0.26394215,,,,3,,2.6,2.85,2.95,,0.384615385,0.350877193,0.338983051,,1.074475628,,0.35795636,0.326556679,0.315486961,,,,0.254779026,0.019631945,0.014431014,,0,0,6.431454962,R$ 13.67,3.481842651,0.268292659,0.197216083,,,0.010780356,0.002733583,0.002656868,0.016170807
305,Guarani,AvaÃ­,1,2,18,15,0.65,0.35,-1,0.408222073,0.248994988,0.342782939,,0,0,0,,0.408222073,0.248994988,0.342782939,,0.408222073,0.248994988,0.342782939,,,,3,,2.55,2.85,3,,0.392156863,0.350877193,0.333333333,,1.076367389,,0.364333653,0.325982742,0.309683605,,,,0.176152298,0,0.123710585,,0,0,0.581787444,R$ 10.30,1.814467937,0,1.274288746,,,0.001926193,0.005927114,0.001095566,0.008948874
306,Oeste,Fortaleza,0,0,14,17,0.45,0.55,0,0.328160755,0.296551887,0.375287358,,0,0,0,,0.328160755,0.296551887,0.375287358,,0.328160755,0.296551887,0.375287358,,,,2,,3.2,2.9,2.4,,0.3125,0.344827586,0.416666667,,1.073994253,,0.2909699,0.321070234,0.387959866,,,,0.118210991,0.053983572,0.114990424,,0,0,3.822866238,R$ 11.03,1.304419643,0.595691072,1.268881737,,,0.00138316,0.000601149,0.000160592,0.002144901
307,Vila Nova,Boa,2,0,8,3,0.55,0.45,1,0.741335162,0.236835464,0.021829374,,0,0,0,,0.741335162,0.236835464,0.021829374,,0.741335162,0.236835464,0.021829374,,,,1,,1.65,3.35,5.9,,0.606060606,0.298507463,0.169491525,,1.074059594,,0.56427093,0.277924488,0.157804582,,,,0.584568594,0.009025155,0,,0,1.727504109,0,R$ 9.59,5.607874524,0.086579977,0,,,0.031351742,0.001688308,0.018489257,0.051529307
308,Figueirense,Coritiba,2,2,14,12,0.53,0.47,0,0.47512553,0.238123863,0.286750607,,0,0,0,,0.47512553,0.238123863,0.286750607,,0.47512553,0.238123863,0.286750607,,,,2,,2.3,2.85,3.45,,0.434782609,0.350877193,0.289855072,,1.075514874,,0.404255319,0.326241135,0.269503546,,,,0.246919239,0,0.080011653,,9.252992965,0,0,R$ 13.15,3.247413487,0,1.052291109,,,0.005022587,0.007764654,0.000297461,0.013084702
309,Londrina,SÃ£o Bento,2,1,10,7,0.47,0.53,1,0.42488344,0.276143608,0.298972951,,0,0,0,,0.42488344,0.276143608,0.298972951,,0.42488344,0.276143608,0.298972951,,,,1,,1.95,3,4.35,,0.512820513,0.333333333,0.229885057,,1.076038904,,0.476581758,0.309778143,0.213640099,,,,0.129951871,0.034858144,0.137817308,,0,0,0,R$ 8.85,1.150336381,0.30856494,1.219961374,,,0.002672716,0.001131282,0.007281696,0.011085694
310,Coritiba,CSA,1,1,16,14,0.55,0.45,0,0.325409897,0.249625009,0.424965094,,0,0,0,,0.325409897,0.249625009,0.424965094,,0.325409897,0.249625009,0.424965094,,,,2,,1.91,3.15,4.3,,0.523560209,0.317460317,0.23255814,,1.073578666,,0.487677546,0.295702893,0.216619561,,,,0,0.011410726,0.291236046,,2.243155943,0,0,R$ 8.42,0,0.09603623,2.451133394,,,0.02633079,0.002123171,0.043407861,0.071861822
311,Brasil de Pelotas,AtlÃ©tico GO,1,2,16,9,0.46,0.54,-1,0.29553308,0.246820752,0.457646168,,0,0,0,,0.29553308,0.246820752,0.457646168,,0.29553308,0.246820752,0.457646168,,,,3,,2.2,2.9,3.65,,0.454545455,0.344827586,0.273972603,,1.073345643,,0.423484697,0.321264253,0.25525105,,,,0,0,0.309056077,,0,0.302514124,0,R$ 6.17,0,0,1.907387909,,,0.016371616,0.005541835,0.040963784,0.062877235
312,CRB,GoiÃ¡s,2,0,22,8,0.51,0.49,1,0.421245127,0.228021489,0.350733384,,0,0,0,,0.421245127,0.228021489,0.350733384,,0.421245127,0.228021489,0.350733384,,,,1,,2.75,3.05,2.65,,0.363636364,0.327868852,0.377358491,,1.068863707,,0.340208355,0.306745238,0.353046406,,,,0.21078881,0,0.105727114,,0,0,6.961965869,R$ 11.23,2.366364572,0,1.186917356,,,0.006566958,0.006197429,5.35007E-06,0.012769737
313,SÃ£o Bento,CriciÃºma,0,0,17,5,0.53,0.47,0,0.421792898,0.275012926,0.303194176,,0,0,0,,0.421792898,0.275012926,0.303194176,,0.421792898,0.275012926,0.303194176,,,,2,,2,2.85,4.55,,0.5,0.350877193,0.21978022,,1.070657413,,0.467002791,0.327721257,0.205275952,,,,0.132689347,0.020631497,0.150050039,,6.507502573,0,0,R$ 14.18,1.881595312,0.292564008,2.127777821,,,0.002043934,0.002778168,0.009587979,0.014410081
314,Ponte Preta,Figueirense,2,1,9,5,0.39,0.61,1,0.459251167,0.273935063,0.26681377,,0,0,0,,0.459251167,0.273935063,0.26681377,,0.459251167,0.273935063,0.26681377,,,,1,,1.74,3.4,4.85,,0.574712644,0.294117647,0.206185567,,1.075015858,,0.534608527,0.273593775,0.191797698,,,,0.148475976,0.060386552,0.115641351,,0,0.833807422,0,R$ 10.71,1.590522945,0.646880388,1.238787771,,,0.005678732,1.16477E-07,0.005627411,0.011306259
315,AvaÃ­,Oeste,1,1,10,6,0.51,0.49,0,0.462243406,0.260168422,0.277588173,,0,0,0,,0.462243406,0.260168422,0.277588173,,0.462243406,0.260168422,0.277588173,,,,2,,1.61,3.7,5.6,,0.621118012,0.27027027,0.178571429,,1.069959711,,0.580505982,0.252598549,0.16689547,,,,0.128233099,0.060213941,0.148586061,,2.767509924,0,0,R$ 10.00,1.282798284,0.602358839,1.486402071,,,0.013986037,5.7303E-05,0.012252874,0.026296214
316,Vila Nova,Juventude,1,0,8,13,0.45,0.55,1,0.467963899,0.343176278,0.188859823,,0,0,0,,0.467963899,0.343176278,0.188859823,,0.467963899,0.343176278,0.188859823,,,,1,,1.8,3.2,4.8,,0.555555556,0.3125,0.208333333,,1.076388889,,0.516129032,0.290322581,0.193548387,,,,0.172388287,0.137918865,0.019872286,,0,2.228727706,0,R$ 8.86,1.527500308,1.222073215,0.176084603,,,0.00231988,0.002793513,2.19826E-05,0.005135376
317,Boa,Guarani,2,1,10,14,0.45,0.55,1,0.1363239,0.262606501,0.6010696,,0,0,0,,0.1363239,0.262606501,0.6010696,,0.1363239,0.262606501,0.6010696,,,,1,,3.1,2.9,2.45,,0.322580645,0.344827586,0.408163265,,1.075571497,,0.299915576,0.320599409,0.379485015,,,,0,0.008332881,0.438240865,,2.749500554,0,0,R$ 8.68,0,0.072368194,3.805970733,,,0.026762236,0.003363177,0.049099728,0.079225142
318,Fortaleza,Paysandu,1,0,22,7,0.62,0.38,1,0.664092263,0.231296619,0.104611118,,0,0,0,,0.664092263,0.231296619,0.104611118,,0.664092263,0.231296619,0.104611118,,,,1,,1.57,3.55,6.4,,0.636942675,0.281690141,0.15625,,1.074882816,,0.592569409,0.262065908,0.145364683,,,,0.45013829,0.014760455,0,,0,0,0,R$ 4.81,2.163506912,0.070943414,0,,,0.005115519,0.000946749,0.001660853,0.007723121
319,Sampaio CorrÃªa,Londrina,1,2,16,12,0.62,0.38,-1,0.444854943,0.255560617,0.299584439,,0,0,0,,0.444854943,0.255560617,0.299584439,,0.444854943,0.255560617,0.299584439,,,,3,,2.15,3.1,3.45,,0.465116279,0.322580645,0.289855072,,1.077551997,,0.43164161,0.299364343,0.268994047,,,,0.18664794,0.015418881,0.096565436,,3.396705851,0,0,R$ 5.97,1.114021597,0.092028693,0.57635772,,,0.000174592,0.001918766,0.000935772,0.003029131
320,CSA,Brasil de Pelotas,2,0,12,10,0.41,0.59,1,0.649734191,0.241364138,0.108901671,,0,0,0,,0.649734191,0.241364138,0.108901671,,0.649734191,0.241364138,0.108901671,,,,1,,1.95,3.05,4.3,,0.512820513,0.327868852,0.23255814,,1.073247505,,0.477821295,0.305492303,0.216686401,,,,0.470110699,0,0,,0,0,1.988434134,R$ 6.17,2.902744465,0,0,,,0.029554044,0.004112422,0.011617548,0.045284013
321,Londrina,Vila Nova,3,2,10,8,0.59,0.41,1,0.259304064,0.365375699,0.375320237,,0,0,0,,0.259304064,0.365375699,0.375320237,,0.259304064,0.365375699,0.375320237,,,,1,,2.35,2.8,3.35,,0.425531915,0.357142857,0.298507463,,1.081182235,,0.393580195,0.330326235,0.27609357,,,,0,0.138724163,0.188848666,,5.660351706,0,0,R$ 8.93,0,1.23911266,1.686834996,,,0.018030079,0.001228465,0.009845931,0.029104476
322,Juventude,Sampaio CorrÃªa,1,0,6,9,0.42,0.58,1,0.449946339,0.269696177,0.280357484,,0,0,0,,0.449946339,0.269696177,0.280357484,,0.449946339,0.269696177,0.280357484,,,,1,,2.05,2.95,3.9,,0.487804878,0.338983051,0.256410256,,1.083198185,,0.450337606,0.312946472,0.236715921,,,,0.18162748,0.022135559,0.095833762,,0,0,0,R$ 6.01,1.090901383,0.132951864,0.575602235,,,1.5309E-07,0.001870588,0.001904586,0.003775327
323,Fortaleza,Ponte Preta,1,1,7,5,0.5,0.5,0,0.422095894,0.321770752,0.256133354,,0,0,0,,0.422095894,0.321770752,0.256133354,,0.422095894,0.321770752,0.256133354,,,,2,,2,3.05,4.1,,0.5,0.327868852,0.243902439,,1.071771291,,0.466517441,0.305913076,0.227569483,,,,0.133143841,0.099400507,0.074702465,,2.236347836,0,0,R$ 6.44,0.857865697,0.640452344,0.481319162,,,0.001973274,0.000251466,0.000815895,0.003040634
324,GoiÃ¡s,AvaÃ­,0,3,22,13,0.62,0.38,-1,0.30471719,0.223795828,0.471486982,,0,0,0,,0.30471719,0.223795828,0.471486982,,0.30471719,0.223795828,0.471486982,,,,3,,2.15,3.15,3.45,,0.465116279,0.317460317,0.289855072,,1.072431669,,0.433702484,0.296019156,0.27027836,,,,0,0,0.318294803,,0,1.953379649,0,R$ 6.42,0,0,2.042463416,,,0.016637206,0.005216209,0.04048491,0.062338325
325,Guarani,Oeste,1,1,7,5,0.46,0.54,0,0.474444567,0.233826641,0.291728792,,0,0,0,,0.474444567,0.233826641,0.291728792,,0.474444567,0.233826641,0.291728792,,,,2,,1.95,3.15,4.15,,0.512820513,0.317460317,0.240963855,,1.071244686,,0.478714639,0.296347157,0.224938204,,,,0.20492896,0,0.121061031,,0,0,7.046498786,R$ 11.42,2.340478799,0,1.382629259,,,1.82335E-05,0.003908815,0.004460983,0.008388031
326,SÃ£o Bento,CRB,1,0,11,12,0.5,0.5,1,0.4613913,0.27545628,0.26315242,,0,0,0,,0.4613913,0.27545628,0.26315242,,0.4613913,0.27545628,0.26315242,,,,1,,2.2,2.95,3.5,,0.454545455,0.338983051,0.285714286,,1.079242791,,0.421170712,0.314093412,0.264735876,,,,0.216569164,0.029848239,0.05262454,,0,0,0,R$ 7.70,1.667110319,0.229766357,0.405094207,,,0.001617696,0.001492828,2.50733E-06,0.003113031
327,Figueirense,CriciÃºma,3,2,18,8,0.49,0.51,1,0.560450832,0.237956892,0.201592276,,0,0,0,,0.560450832,0.237956892,0.201592276,,0.560450832,0.237956892,0.201592276,,,,1,,2.2,2.95,3.5,,0.454545455,0.338983051,0.285714286,,1.079242791,,0.421170712,0.314093412,0.264735876,,,,0.360655756,0,0,,3.667642701,0,0,R$ 9.06,3.26880029,0,0,,,0.019398952,0.00579677,0.003987114,0.029182836
328,Boa,AtlÃ©tico GO,0,2,16,12,0.5,0.5,-1,0.176552719,0.232778812,0.59066847,,0,0,0,,0.176552719,0.232778812,0.59066847,,0.176552719,0.232778812,0.59066847,,,,3,,2.65,3.05,2.75,,0.377358491,0.327868852,0.363636364,,1.068863707,,0.353046406,0.306745238,0.340208355,,,,0,0,0.441820641,,7.191360638,0,0,R$ 12.99,0,0,5.737505645,,,0.031150022,0.005471032,0.062730269,0.099351323
329,Paysandu,Coritiba,1,1,19,6,0.6,0.4,0,0.261043486,0.269665454,0.46929106,,0,0,0,,0.261043486,0.269665454,0.46929106,,0.261043486,0.269665454,0.46929106,,,,2,,2.35,3,3.15,,0.425531915,0.333333333,0.317460317,,1.076325566,,0.395356134,0.309695639,0.294948227,,,,0,0.026220605,0.300812031,,0,0,15.77814052,R$ 23.03,0,0.603773659,6.92670434,,,0.018039887,0.001602416,0.030395423,0.050037727
330,CriciÃºma,GoiÃ¡s,2,2,10,11,0.65,0.35,0,0.461444979,0.222554804,0.316000217,,0,0,0,,0.461444979,0.222554804,0.316000217,,0.461444979,0.222554804,0.316000217,,,,2,,3.1,3.15,2.3,,0.322580645,0.317460317,0.434782609,,1.074823571,,0.300124275,0.295360398,0.404515327,,,,0.287717553,0,0.018609007,,0,1.811320976,0,R$ 17.31,4.979680024,0,0.322075937,,,0.02602437,0.005300655,0.007834925,0.039159949
331,Juventude,Brasil de Pelotas,0,1,11,9,0.58,0.42,-1,0.487407048,0.305518867,0.207074085,,0,0,0,,0.487407048,0.305518867,0.207074085,,0.487407048,0.305518867,0.207074085,,,,3,,2.25,2.75,3.7,,0.444444444,0.363636364,0.27027027,,1.078351078,,0.412151899,0.33721519,0.250632911,,,,0.259587958,0.052980273,0,,0,0,0,R$ 12.01,3.116554231,0.63606916,0,,,0.005663337,0.001004657,0.001897371,0.008565366
332,Ponte Preta,SÃ£o Bento,2,1,13,8,0.56,0.44,1,0.556040823,0.272811331,0.171147846,,0,0,0,,0.556040823,0.272811331,0.171147846,,0.556040823,0.272811331,0.171147846,,,,1,,1.54,3.8,6.15,,0.649350649,0.263157895,0.162601626,,1.07511017,,0.603985217,0.244772956,0.151241827,,,,0.267755643,0.081445892,0.036375138,,0,0,0,R$ 8.25,2.209827517,0.672185171,0.300209475,,,0.002298665,0.00078615,0.00039625,0.003481065
333,Vila Nova,Paysandu,0,0,18,10,0.64,0.36,0,0.531054005,0.336087834,0.132858161,,0,0,0,,0.531054005,0.336087834,0.132858161,,0.531054005,0.336087834,0.132858161,,,,2,,1.74,3.25,5.1,,0.574712644,0.307692308,0.196078431,,1.078483383,,0.53288966,0.285300926,0.181809414,,,,0.261544812,0.131807168,0,,3.403134376,0,0,R$ 8.47,2.216347042,1.116942153,0,,,3.36963E-06,0.00257931,0.002396225,0.004978905
334,Oeste,Figueirense,0,0,10,6,0.63,0.37,0,0.416017261,0.249458491,0.334524247,,0,0,0,,0.416017261,0.249458491,0.334524247,,0.416017261,0.249458491,0.334524247,,,,2,,2.3,2.9,3.3,,0.434782609,0.344827586,0.303030303,,1.082640498,,0.401594629,0.318506085,0.279899287,,,,0.162111722,0,0.132864928,,0,3.630061997,0,R$ 8.77,1.421855189,0,1.165336377,,,0.000208012,0.00476757,0.002983886,0.007959469
335,Sampaio CorrÃªa,CSA,2,3,25,11,0.59,0.41,-1,0.269914381,0.242314266,0.487771353,,0,0,0,,0.269914381,0.242314266,0.487771353,,0.269914381,0.242314266,0.487771353,,,,3,,2,3.1,3.9,,0.5,0.322580645,0.256410256,,1.078990902,,0.463395937,0.298965121,0.237638942,,,,0,0,0.356430674,,0,0,0,R$ 6.18,0,0,2.204040245,,,0.037435113,0.003209319,0.062566223,0.103210655
336,AvaÃ­,Londrina,1,1,20,8,0.56,0.44,0,0.585665203,0.237158765,0.177176032,,0,0,0,,0.585665203,0.237158765,0.177176032,,0.585665203,0.237158765,0.177176032,,,,2,,1.62,3.6,5.6,,0.617283951,0.277777778,0.178571429,,1.073633157,,0.574948665,0.258726899,0.166324435,,,,0.329902983,0.025258422,0.030243181,,0,0,8.595756954,R$ 12.58,4.148648862,0.317633756,0.380318891,,,0.000114844,0.000465184,0.000117757,0.000697786
337,CRB,Boa,2,1,11,10,0.49,0.51,1,0.654509615,0.222388076,0.123102309,,0,0,0,,0.654509615,0.222388076,0.123102309,,0.654509615,0.222388076,0.123102309,,,,1,,0,0,0,,#DIV/0!,#DIV/0!,#DIV/0!,,#DIV/0!,,#DIV/0!,#DIV/0!,#DIV/0!,,,,#DIV/0!,#DIV/0!,#DIV/0!,,0,1.143481521,0,R$ 8.87,0,0,0,,,#DIV/0!,#DIV/0!,#DIV/0!,#DIV/0!
338,AtlÃ©tico GO,Fortaleza,1,2,21,6,0.67,0.33,-1,0.366183474,0.235892328,0.397924198,,0,0,0,,0.366183474,0.235892328,0.397924198,,0.366183474,0.235892328,0.397924198,,,,3,,2.5,2.9,3,,0.4,0.344827586,0.333333333,,1.07816092,,0.371002132,0.319829424,0.309168443,,,,0.112656864,0,0.197232264,,0,0,0,R$ 8.87,0.999518764,0,1.749892038,,,2.32195E-05,0.007045436,0.007877584,0.01494624
339,Coritiba,Guarani,0,2,11,15,0.56,0.44,-1,0.383088239,0.23859516,0.378316601,,0,0,0,,0.383088239,0.23859516,0.378316601,,0.383088239,0.23859516,0.378316601,,,,3,,2.45,2.85,3.15,,0.408163265,0.350877193,0.317460317,,1.076500776,,0.379157428,0.32594235,0.294900222,,,,0.13128752,0,0.180956792,,0,0,5.249676114,R$ 11.37,1.493068059,0,2.057932128,,,1.54513E-05,0.007629532,0.006958292,0.014603275
340,GoiÃ¡s,Sampaio CorrÃªa,1,0,19,9,0.5,0.5,1,0.454659504,0.220137897,0.325202599,,0,0,0,,0.454659504,0.220137897,0.325202599,,0.454659504,0.220137897,0.325202599,,,,1,,1.59,3.75,5.65,,0.628930818,0.266666667,0.17699115,,1.072588635,,0.586367222,0.248619702,0.165013077,,,,0.11167806,0.01217467,0.205769431,,0,0,6.482486202,R$ 14.30,1.597442033,0.174146371,2.943324211,,,0.017346923,0.000811213,0.025660683,0.043818819
341,Brasil de Pelotas,Vila Nova,5,0,22,12,0.48,0.52,1,0.186456508,0.435233492,0.37831,,0,0,0,,0.186456508,0.435233492,0.37831,,0.186456508,0.435233492,0.37831,,,,1,,2.8,2.8,2.75,,0.357142857,0.357142857,0.363636364,,1.077922078,,0.331325301,0.331325301,0.337349398,,,,0,0.233531168,0.152240909,,2.539932833,0,0,R$ 12.13,0,2.832502296,1.846531788,,,0.020986967,0.010796912,0.001677771,0.03346165
342,AtlÃ©tico GO,AvaÃ­,2,2,18,21,0.63,0.37,0,0.395262181,0.221119297,0.383618522,,0,0,0,,0.395262181,0.221119297,0.383618522,,0.395262181,0.221119297,0.383618522,,,,2,,2.45,3.2,2.8,,0.408163265,0.3125,0.357142857,,1.077806122,,0.378698225,0.289940828,0.331360947,,,,0.148430418,0,0.16348228,,0,0,0,R$ 7.45,1.105803312,0,1.217939347,,,0.000274365,0.004736403,0.002730854,0.007741622
343,Londrina,CriciÃºma,4,2,16,8,0.51,0.49,1,0.423242125,0.262794349,0.313963527,,0,0,0,,0.423242125,0.262794349,0.313963527,,0.423242125,0.262794349,0.313963527,,,,1,,1.65,3.55,5.3,,0.606060606,0.281690141,0.188679245,,1.076429992,,0.563028353,0.261689235,0.175282412,,,,0.073691898,0.055130785,0.184522683,,0,0,0,R$ 5.13,0.377761992,0.282613366,0.945906652,,,0.01954019,1.22128E-06,0.019232452,0.038773862
344,Ponte Preta,Boa,1,0,13,10,0.54,0.46,1,0.752894005,0.202582524,0.044523472,,0,0,0,,0.752894005,0.202582524,0.044523472,,0.752894005,0.202582524,0.044523472,,,,1,,1.39,4.1,8.5,,0.71942446,0.243902439,0.117647059,,1.080973958,,0.665533573,0.225632114,0.108834314,,,,0.575119908,0.008090457,0,,0.623307287,0,0,R$ 4.14,2.382871519,0.033520869,0,,,0.007631845,0.000531284,0.004135884,0.012299013
345,SÃ£o Bento,Coritiba,5,2,8,8,0.48,0.52,1,0.342959139,0.272190869,0.384849992,,0,0,0,,0.342959139,0.272190869,0.384849992,,0.342959139,0.272190869,0.384849992,,,,1,,2.3,3.35,2.95,,0.434782609,0.298507463,0.338983051,,1.072273122,,0.405477485,0.278387527,0.316134988,,,,0.057289199,0.054934412,0.176324566,,3.312191411,0,0,R$ 5.04,0.288683678,0.276817764,0.888509957,,,0.003908544,3.83986E-05,0.004721752,0.008668694
346,Figueirense,Guarani,0,0,9,15,0.52,0.48,0,0.420314854,0.229583584,0.350101562,,0,0,0,,0.420314854,0.229583584,0.350101562,,0.420314854,0.229583584,0.350101562,,,,2,,2.55,3.1,2.8,,0.392156863,0.322580645,0.357142857,,1.071880365,,0.365858799,0.300948367,0.333192835,,,,0.192987346,0,0.117994977,,0.66397246,0,0,R$ 4.25,0.820007178,0,0.50136307,,,0.002965462,0.005092932,0.000285905,0.008344299
347,Fortaleza,CSA,1,1,17,12,0.58,0.42,0,0.388808467,0.286867554,0.324323979,,0,0,0,,0.388808467,0.286867554,0.324323979,,0.388808467,0.286867554,0.324323979,,,,2,,1.8,3.15,5,,0.555555556,0.317460317,0.2,,1.073015873,,0.517751479,0.295857988,0.186390533,,,,0.049257615,0.060476301,0.189188775,,0,0,0,R$ 2.93,0.144209067,0.177053456,0.553878554,,,0.0166263,8.08279E-05,0.019025636,0.035732764
348,CRB,Juventude,2,0,13,8,0.43,0.57,1,0.380359137,0.275377504,0.34426336,,0,0,0,,0.380359137,0.275377504,0.34426336,,0.380359137,0.275377504,0.34426336,,,,1,,1.87,3.2,4.5,,0.534759358,0.3125,0.222222222,,1.069481581,,0.500017362,0.292197646,0.207784993,,,,0.049000387,0.048932974,0.198544107,,0,0.557718385,0,R$ 2.61,0.127902157,0.127726195,0.518245289,,,0.014318091,0.000282917,0.018626345,0.033227353
349,Paysandu,Oeste,4,3,17,11,0.55,0.45,1,0.247127374,0.264924187,0.487948439,,0,0,0,,0.247127374,0.264924187,0.487948439,,0.247127374,0.264924187,0.487948439,,,,1,,1.71,3.45,4.95,,0.584795322,0.289855072,0.202020202,,1.076670596,,0.543151567,0.269214255,0.187634178,,,,0,0.051858734,0.384503679,,0.239177034,0,0,R$ 2.08,0,0.107634405,0.798049268,,,0.087630323,1.84047E-05,0.090188655,0.177837383
350,Vila Nova,Figueirense,3,1,13,11,0.38,0.62,1,0.308778939,0.367394816,0.323826246,,0,0,0,,0.308778939,0.367394816,0.323826246,,0.308778939,0.367394816,0.323826246,,,,1,,1.67,3.45,5.4,,0.598802395,0.289855072,0.185185185,,1.073842653,,0.557625825,0.269923225,0.17245095,,,,0,0.184030995,0.198608884,,0,0,0,R$ 1.17,0,0.215288149,0.232342053,,,0.061924773,0.009500711,0.02291448,0.094339964
351,Juventude,Ponte Preta,0,1,10,11,0.6,0.4,-1,0.305008237,0.312457387,0.382534376,,0,0,0,,0.305008237,0.312457387,0.382534376,,0.305008237,0.312457387,0.382534376,,,,3,,3.25,3,2.3,,0.307692308,0.333333333,0.434782609,,1.07580825,,0.286010363,0.30984456,0.404145078,,,,0.091164618,0.083276516,0.114071061,,0,0,0,R$ 0.72,0.065840639,0.060143718,0.082384063,,,0.000360919,6.82686E-06,0.000467022,0.000834769
352,Boa,Brasil de Pelotas,0,1,13,10,0.62,0.38,-1,0.20821743,0.349800751,0.441981818,,0,0,0,,0.20821743,0.349800751,0.441981818,,0.20821743,0.349800751,0.441981818,,,,3,,3,2.85,2.55,,0.333333333,0.350877193,0.392156863,,1.076367389,,0.309683605,0.325982742,0.364333653,,,,0,0.121660664,0.223151158,,0,0,0.189483344,R$ 0.70,0,0.085567832,0.15694934,,,0.010295385,0.000567298,0.006029238,0.01689192
353,Coritiba,GoiÃ¡s,1,0,11,11,0.53,0.47,1,0.537472427,0.210897392,0.25163018,,0,0,0,,0.537472427,0.210897392,0.25163018,,0.537472427,0.210897392,0.25163018,,,,1,,3.5,3.25,2.05,,0.285714286,0.307692308,0.487804878,,1.081211471,,0.264253842,0.284581061,0.451165097,,,,0.405321692,0,0,,0,0,0.400220816,R$ 0.86,0.348996405,0,0,,,0.074648395,0.005429283,0.039814183,0.119891861
354,Oeste,Londrina,0,0,11,23,0.4,0.6,0,0.545226417,0.24296331,0.211810273,,0,0,0,,0.545226417,0.24296331,0.211810273,,0.545226417,0.24296331,0.211810273,,,,2,,3.45,3.05,2.15,,0.289855072,0.327868852,0.465116279,,1.082840204,,0.267680376,0.302785999,0.429533626,,,,0.413407987,0,0,,1.221487416,0,0,R$ 1.73,0.716653745,0,0,,,0.077031805,0.003578754,0.047403458,0.128014017
355,CriciÃºma,CRB,3,3,12,18,0.52,0.48,0,0.447263903,0.269758732,0.282977365,,0,0,0,,0.447263903,0.269758732,0.282977365,,0.447263903,0.269758732,0.282977365,,,,2,,2.45,2.5,3.75,,0.408163265,0.4,0.266666667,,1.074829932,,0.379746835,0.372151899,0.248101266,,,,0.221657333,0,0.091771329,,0,0,0,R$ 1.02,0.225397326,0,0.093319774,,,0.004558554,0.010484361,0.001216342,0.016259257
356,CSA,AtlÃ©tico GO,0,0,13,16,0.45,0.55,0,0.521995704,0.200282644,0.277721652,,0,0,0,,0.521995704,0.200282644,0.277721652,,0.521995704,0.200282644,0.277721652,,,,2,,2.1,3.15,3.55,,0.476190476,0.317460317,0.281690141,,1.075340934,,0.442827443,0.295218295,0.261954262,,,,0.294374611,0,0.074262962,,0,0,0,R$ 0.70,0.205519331,0,0.051847115,,,0.006267614,0.009012778,0.000248611,0.015529002
357,AvaÃ­,Fortaleza,0,1,14,15,0.57,0.43,-1,0.362641485,0.303154824,0.334203692,,0,0,0,,0.362641485,0.303154824,0.334203692,,0.362641485,0.303154824,0.334203692,,,,3,,1.74,3.5,4.65,,0.574712644,0.285714286,0.215053763,,1.075480693,,0.534377463,0.265661939,0.199960599,,,,0,0.104056202,0.19102169,,0,0,0,R$ 0.44,0,0.045866862,0.08420032,,,0.029493246,0.001405716,0.018021208,0.048920171
358,Sampaio CorrÃªa,SÃ£o Bento,2,1,13,14,0.61,0.39,1,0.4427661,0.265582577,0.291651323,,0,0,0,,0.4427661,0.265582577,0.291651323,,0.4427661,0.265582577,0.291651323,,,,1,,1.83,3.3,4.35,,0.546448087,0.303030303,0.229885057,,1.079363448,,0.506268846,0.280749087,0.212982066,,,,0.138266701,0.043031843,0.128812547,,0,0,0.391531489,R$ 0.70,0.097098292,0.030219267,0.090459078,,,0.004032599,0.000230023,0.006188852,0.010451474
359,Guarani,Paysandu,0,2,13,9,0.6,0.4,-1,0.61636614,0.214140224,0.169493637,,0,0,0,,0.61636614,0.214140224,0.169493637,,0.61636614,0.214140224,0.169493637,,,,3,,2.35,3.15,3,,0.425531915,0.317460317,0.333333333,,1.076325566,,0.395356134,0.294948227,0.309695639,,,,0.453117689,0,0,,0.177689874,0,0,R$ 0.66,0.300039517,0,0,,,0.048845423,0.006529933,0.019656601,0.075031957
360,Figueirense,Paysandu,2,3,7,25,0.34,0.66,-1,0.609196587,0.224385315,0.166418098,,0,0,0,,0.609196587,0.224385315,0.166418098,,0.609196587,0.224385315,0.166418098,,,,3,,3.25,3.3,2.15,,0.307692308,0.303030303,0.465116279,,1.07583889,,0.286002217,0.28166885,0.432328933,,,,0.488949383,0,0,,0,0,0,R$ 0.36,0.177061941,0,0,,,0.104454601,0.003281403,0.070708572,0.178444576
361,Ponte Preta,Coritiba,2,0,7,7,0.38,0.62,1,0.478159059,0.277516182,0.244324759,,0,0,0,,0.478159059,0.277516182,0.244324759,,0.478159059,0.277516182,0.244324759,,,,1,,1.36,4.55,8,,0.735294118,0.21978022,0.125,,1.080074337,,0.680781028,0.203486197,0.115732775,,,,0.094452485,0.11872853,0.149865354,,0,0,0,R$ 0.19,0.017479887,0.021972543,0.027734892,,,0.041055662,0.005480439,0.016535898,0.063071999
362,Fortaleza,Juventude,4,1,15,11,0.51,0.49,1,0.578314769,0.255036695,0.166648536,,0,0,0,,0.578314769,0.255036695,0.166648536,,0.578314769,0.255036695,0.166648536,,,,1,,1.31,4.75,9.75,,0.763358779,0.210526316,0.102564103,,1.076449197,,0.709145198,0.195574781,0.095280021,,,,0.256417646,0.098202315,0.081176591,,0.023772646,0,0,R$ 0.14,0.036321746,0.013910429,0.011498723,,,0.017116601,0.003535719,0.005093465,0.025745785
363,AtlÃ©tico GO,SÃ£o Bento,1,0,21,6,0.73,0.27,1,0.547942575,0.211879187,0.240178238,,0,0,0,,0.547942575,0.211879187,0.240178238,,0.547942575,0.211879187,0.240178238,,,,1,,1.26,5.8,9.25,,0.793650794,0.172413793,0.108108108,,1.074172695,,0.738848416,0.160508449,0.100643136,,,,0.189166841,0.075996288,0.158035345,,0.047581487,0,0,R$ 0.13,0.024119021,0.009689627,0.020149714,,,0.03644504,0.002638953,0.019470045,0.058554038
364,Londrina,CRB,1,2,22,4,0.7,0.3,-1,0.456232942,0.264837121,0.278929938,,0,0,0,,0.456232942,0.264837121,0.278929938,,0.456232942,0.264837121,0.278929938,,,,3,,1.69,3.5,5.1,,0.591715976,0.285714286,0.196078431,,1.073508693,,0.551198123,0.266149951,0.182651927,,,,0.134477286,0.054790584,0.137543651,,0.030389966,0,0,R$ 0.10,0.013976617,0.005694545,0.014295313,,,0.009018386,1.72352E-06,0.009269455,0.018289565
365,Brasil de Pelotas,Guarani,1,1,14,9,0.56,0.44,0,0.247520731,0.276806159,0.47567311,,0,0,0,,0.247520731,0.276806159,0.47567311,,0.247520731,0.276806159,0.47567311,,,,2,,2.1,3.1,3.6,,0.476190476,0.322580645,0.277777778,,1.076548899,,0.442330559,0.299643282,0.258026159,,,,0,0.043517823,0.330026752,,0,0,0.072906098,R$ 0.14,0,0.006217502,0.047151761,,,0.037950869,0.000521534,0.047370195,0.085842599
366,CSA,AvaÃ­,0,1,10,9,0.66,0.34,-1,0.474090472,0.250049325,0.275860203,,0,0,0,,0.474090472,0.250049325,0.275860203,,0.474090472,0.250049325,0.275860203,,,,3,,2.9,3.1,2.45,,0.344827586,0.322580645,0.408163265,,1.075571497,,0.320599409,0.299915576,0.379485015,,,,0.292742359,0.008129752,0,,0,0.019274256,0,R$ 0.11,0.031843792,0.000884334,0,,,0.023559506,0.002486643,0.010738102,0.036784251
367,Sampaio CorrÃªa,Boa,1,0,16,15,0.49,0.51,1,0.647158267,0.225945144,0.126896589,,0,0,0,,0.647158267,0.225945144,0.126896589,,0.647158267,0.225945144,0.126896589,,,,1,,1.77,3.4,4.65,,0.564971751,0.294117647,0.215053763,,1.074143162,,0.52597435,0.273816059,0.200209591,,,,0.447812655,0,0,,0,0,0,R$ 0.08,0.034055887,0,0,,,0.014685542,0.002291625,0.005374796,0.022351963
368,Vila Nova,CriciÃºma,2,2,22,9,0.69,0.31,0,0.491273041,0.34749803,0.16122893,,0,0,0,,0.491273041,0.34749803,0.16122893,,0.491273041,0.34749803,0.16122893,,,,2,,1.62,3.65,5.5,,0.617283951,0.273972603,0.181818182,,1.073074735,,0.575247865,0.255315491,0.169436644,,,,0.177244054,0.168730367,0.008725099,,0.060278921,0,0,R$ 0.10,0.018127182,0.017256467,0.000892337,,,0.007051771,0.00849762,6.73666E-05,0.015616758
369,Oeste,GoiÃ¡s,1,3,14,13,0.48,0.52,-1,0.561771494,0.206730521,0.231497984,,0,0,0,,0.561771494,0.206730521,0.231497984,,0.561771494,0.206730521,0.231497984,,,,3,,3.35,3,2.25,,0.298507463,0.333333333,0.444444444,,1.07628524,,0.277349769,0.309707242,0.412942989,,,,0.430957015,0,0,,0,0.062986103,0,R$ 0.13,0.055585938,0,0,,,0.080895718,0.010604205,0.03292229,0.124422213
370,Coritiba,Fortaleza,1,0,13,14,0.48,0.52,1,0.313594673,0.292301703,0.394103625,,0,0,0,,0.313594673,0.292301703,0.394103625,,0.313594673,0.292301703,0.394103625,,,,1,,2.25,3.2,3.1,,0.444444444,0.3125,0.322580645,,1.07952509,,0.411703673,0.289479145,0.298817182,,,,0.008525639,0.071145985,0.198653181,,0,0,0,R$ 0.07,0.000625753,0.005221875,0.014580472,,,0.009625376,7.96683E-06,0.009079506,0.018712849
371,Guarani,Londrina,1,0,3,0,0.54,0.46,1,0.563988245,0.226650681,0.209361075,,0,0,0,,0.563988245,0.226650681,0.209361075,,0.563988245,0.226650681,0.209361075,,,,1,,2,3.15,3.85,,0.5,0.317460317,0.25974026,,1.077200577,,0.464166109,0.29470864,0.241125251,,,,0.345982368,0,0.004000315,,0.001407944,0,0,R$ 0.05,0.018813298,0,0.000217523,,,0.009964459,0.004631886,0.001008963,0.015605307
372,SÃ£o Bento,Vila Nova,2,2,17,20,0.45,0.55,0,0.278017037,0.377655259,0.344327704,,0,0,0,,0.278017037,0.377655259,0.344327704,,0.278017037,0.377655259,0.344327704,,,,2,,2.55,3.25,2.65,,0.392156863,0.307692308,0.377358491,,1.077207661,,0.364049456,0.285638804,0.35031174,,,,0,0.186164569,0.096904196,,0.037626596,0,0,R$ 0.07,0,0.013584846,0.007071316,,,0.007401577,0.008467028,3.58087E-05,0.015904414
373,Juventude,CSA,0,4,4,6,0.69,0.31,-1,0.28886912,0.258052081,0.453078799,,0,0,0,,0.28886912,0.258052081,0.453078799,,0.28886912,0.258052081,0.453078799,,,,3,,7.5,4.05,1.43,,0.133333333,0.24691358,0.699300699,,1.079547613,,0.123508525,0.228719491,0.647771984,,,,0.194051669,0.074855064,0.070616421,,0,0.044150748,0,R$ 0.10,0.018719549,0.00722103,0.006812142,,,0.027344126,0.000860401,0.037905436,0.066109964
374,AvaÃ­,Ponte Preta,0,0,8,8,0.49,0.51,0,0.421271649,0.29803982,0.280688531,,0,0,0,,0.421271649,0.29803982,0.280688531,,0.421271649,0.29803982,0.280688531,,,,2,,2.15,3.2,3.3,,0.465116279,0.3125,0.303030303,,1.080646582,,0.430405543,0.289178724,0.280415733,,,,0.152095672,0.078677264,0.062715359,,0,0,0.009741363,R$ 0.07,0.011172259,0.005779275,0.004606786,,,8.3428E-05,7.8519E-05,7.44187E-08,0.000162021
375,CriciÃºma,Sampaio CorrÃªa,2,0,11,8,0.52,0.48,1,0.431034816,0.257172335,0.311792849,,0,0,0,,0.431034816,0.257172335,0.311792849,,0.431034816,0.257172335,0.311792849,,,,1,,1.29,4.95,10,,0.775193798,0.202020202,0.1,,1.077214,,0.71962841,0.187539525,0.092832065,,,,0,0.10710614,0.242972134,,0,0.018493681,0,R$ 0.07,0,0.00753929,0.01710301,,,0.083286262,0.004848728,0.047943825,0.136078816
376,GoiÃ¡s,Brasil de Pelotas,0,1,26,7,0.75,0.25,-1,0.475594966,0.252714341,0.271690693,,0,0,0,,0.475594966,0.252714341,0.271690693,,0.475594966,0.252714341,0.271690693,,,,3,,1.3,4.9,9.75,,0.769230769,0.204081633,0.102564103,,1.075876504,,0.714980545,0.189688716,0.095330739,,,,0.072206478,0.100207064,0.196992303,,0,0,0,R$ 0.05,0.00330334,0.004584326,0.009012108,,,0.057305455,0.003972229,0.031102833,0.092380518
377,Boa,Oeste,0,0,7,20,0.43,0.57,0,0.093427026,0.241240219,0.665332755,,0,0,0,,0.093427026,0.241240219,0.665332755,,0.093427026,0.241240219,0.665332755,,,,2,,6.6,4.35,1.43,,0.151515152,0.229885057,0.699300699,,1.080700908,,0.140200818,0.212718483,0.647080699,,,,0,0.066812683,0.431299717,,0,0,0.087868053,R$ 0.12,0,0.007798163,0.050339926,,,0.002187788,0.000813489,0.000333138,0.003334415
378,CRB,Figueirense,2,1,19,10,0.52,0.48,1,0.244868201,0.262254664,0.492877135,,0,0,0,,0.244868201,0.262254664,0.492877135,,0.244868201,0.262254664,0.492877135,,,,1,,1.77,3.2,5.1,,0.564971751,0.3125,0.196078431,,1.073550183,,0.526264874,0.291090258,0.182644868,,,,0,0.031709247,0.393441279,,0,0.03392201,0,R$ 0.09,0,0.002933128,0.036393605,,,0.079184088,0.000831491,0.096244059,0.176259639
379,Paysandu,AtlÃ©tico GO,2,5,23,17,0.61,0.39,-1,0.310186343,0.223077149,0.466736509,,0,0,0,,0.310186343,0.223077149,0.466736509,,0.310186343,0.223077149,0.466736509,,,,3,,1.39,4.55,7,,0.71942446,0.21978022,0.142857143,,1.082061823,,0.66486447,0.203112442,0.132023088,,,,0,0.052324874,0.39055601,,0,0,0,R$ 0.05,0,0.002782323,0.020767423,,,0.125796574,0.00039859,0.112033074,0.238228237
