,3 Step model,,,,,Soccer_ve_new_updated,,,,,,,,,,,,,,,0.924116054,,,,,0.941112899
,,,,,,,,,,outcome,,outcome Index,,1,2,3,,,,,,,,,,
0.409486862,0.26506235,0.325450788,,,0.504914118,0.134064276,0.361021606,,,-1,,3,,0,0,1,,0,0,-1.122544018,1.122544018,,0,0,-1.018817472,1.018817472
0.79999184,0.109843133,0.090165027,,,0.694178249,0.112452548,0.193369203,,,1,,1,,1,0,0,,-0.223153751,0,0,0.223153751,,-0.365026509,0,0,0.365026509
0.153052355,0.189605127,0.657342518,,,0.20867607,0.112047364,0.679276566,,,-1,,3,,0,0,1,,0,0,-0.41955006,0.41955006,,0,0,-0.386726921,0.386726921
0.783926215,0.144138093,0.071935692,,,0.691286907,0.109053656,0.199659437,,,0,,2,,0,1,0,,0,-1.93698346,0,1.93698346,,0,-2.215915261,0,2.215915261
0.431553717,0.256148167,0.312298116,,,0.819333606,0.076633291,0.104033103,,,-1,,3,,0,0,1,,0,0,-1.163797047,1.163797047,,0,0,-2.263046132,2.263046132
0.477406626,0.225035201,0.297558173,,,0.591059863,0.124777409,0.284162728,,,0,,2,,0,1,0,,0,-1.49149844,0,1.49149844,,0,-2.081223857,0,2.081223857
0.46227437,0.320635189,0.217090442,,,0.514085402,0.136442848,0.34947175,,,-1,,3,,0,0,1,,0,0,-1.527441229,1.527441229,,0,0,-1.05133255,1.05133255
0.487448634,0.223684855,0.288866511,,,0.436525796,0.136894381,0.426579823,,,0,,2,,0,1,0,,0,-1.497517115,0,1.497517115,,0,-1.988545592,0,1.988545592
0.341856974,0.261467956,0.39667507,,,0.358618124,0.13275294,0.508628937,,,-1,,3,,0,0,1,,0,0,-0.924637797,0.924637797,,0,0,-0.676036532,0.676036532
0.451144773,0.263891645,0.284963582,,,0.705723497,0.105781281,0.188495223,,,1,,1,,1,0,0,,-0.795966987,0,0,0.795966987,,-0.348531766,0,0,0.348531766
0.2946603,0.1881487,0.517191,,,0.342029804,0.135662732,0.522307464,,,1,,1,,1,0,0,,-1.221932112,0,0,1.221932112,,-1.0728574,0,0,1.0728574
0.118541362,0.207884605,0.673574033,,,0.067143269,0.059985284,0.872871447,,,-1,,3,,0,0,1,,0,0,-0.395157366,0.395157366,,0,0,-0.135966988,0.135966988
0.460497192,0.203614201,0.335888607,,,0.336081268,0.134353161,0.529565571,,,1,,1,,1,0,0,,-0.775448521,0,0,0.775448521,,-1.090402279,0,0,1.090402279
0.452172672,0.266983934,0.280843394,,,0.381734441,0.133695901,0.484569658,,,0,,2,,0,1,0,,0,-1.320566795,0,1.320566795,,0,-2.012187454,0,2.012187454
0.318749609,0.313831305,0.367419086,,,0.635841382,0.123658583,0.240500035,,,-1,,3,,0,0,1,,0,0,-1.001252159,1.001252159,,0,0,-1.425035044,1.425035044
0.646072925,0.214487746,0.13943933,,,0.569889102,0.127472864,0.302638034,,,-1,,3,,0,0,1,,0,0,-1.970125683,1.970125683,,0,0,-1.195217795,1.195217795
0.637773275,0.230272642,0.131954083,,,0.84084284,0.072915766,0.086241394,,,1,,1,,1,0,0,,-0.449772427,0,0,0.449772427,,-0.173350509,0,0,0.173350509
0.443144471,0.227473176,0.329382353,,,0.596900596,0.124394954,0.27870445,,,1,,1,,1,0,0,,-0.813859442,0,0,0.813859442,,-0.516004685,0,0,0.516004685
0.569555341,0.179086456,0.251358203,,,0.45970383,0.147825913,0.392470257,,,-1,,3,,0,0,1,,0,0,-1.380876254,1.380876254,,0,0,-0.935294523,0.935294523
0.788107266,0.144112206,0.067780527,,,0.896708383,0.049900681,0.053390937,,,1,,1,,1,0,0,,-0.238121074,0,0,0.238121074,,-0.109024572,0,0,0.109024572
0.318283398,0.290979738,0.390736864,,,0.411090445,0.136813025,0.45209653,,,1,,1,,1,0,0,,-1.144813104,0,0,1.144813104,,-0.888942028,0,0,0.888942028
0.458395971,0.213996797,0.327607232,,,0.611039453,0.122151969,0.266808577,,,1,,1,,1,0,0,,-0.780021903,0,0,0.780021903,,-0.492593751,0,0,0.492593751
0.802501197,0.197498803,9.2174E-12,,,0.851491642,0.069887201,0.078621156,,,1,,1,,1,0,0,,-0.220021932,0,0,0.220021932,,-0.160765595,0,0,0.160765595
0.513470181,0.195394051,0.291135769,,,0.746062931,0.09730589,0.156631179,,,1,,1,,1,0,0,,-0.666563321,0,0,0.666563321,,-0.292945324,0,0,0.292945324
0.506786303,0.286138876,0.207074821,,,0.711341383,0.107374213,0.181284404,,,1,,1,,1,0,0,,-0.679665857,0,0,0.679665857,,-0.34060282,0,0,0.34060282
0.195406599,0.241386578,0.563206823,,,0.506252332,0.135375412,0.358372256,,,1,,1,,1,0,0,,-1.632672768,0,0,1.632672768,,-0.680720054,0,0,0.680720054
0.602734949,0.205634303,0.191630748,,,0.813040147,0.078587763,0.10837209,,,0,,2,,0,1,0,,0,-1.581655916,0,1.581655916,,0,-2.543539279,0,2.543539279
0.433226227,0.179153857,0.387619916,,,0.345548283,0.13163173,0.522819987,,,1,,1,,1,0,0,,-0.836495223,0,0,0.836495223,,-1.062622897,0,0,1.062622897
0.044555328,0.134575502,0.82086917,,,0.044825464,0.045206868,0.909967668,,,-1,,3,,0,0,1,,0,0,-0.197391537,0.197391537,,0,0,-0.09434621,0.09434621
0.101737822,0.148187748,0.75007443,,,0.298905729,0.134630107,0.566464164,,,-1,,3,,0,0,1,,0,0,-0.287582837,0.287582837,,0,0,-0.568341459,0.568341459
0.735682606,0.13865736,0.125660034,,,0.811960794,0.078625167,0.10941404,,,1,,1,,1,0,0,,-0.306956495,0,0,0.306956495,,-0.208303223,0,0,0.208303223
0.252492927,0.211609936,0.535897137,,,0.509823464,0.132352302,0.357824234,,,1,,1,,1,0,0,,-1.376372043,0,0,1.376372043,,-0.673690762,0,0,0.673690762
0.186042608,0.271850072,0.54210732,,,0.39759454,0.135190947,0.467214513,,,-1,,3,,0,0,1,,0,0,-0.61229129,0.61229129,,0,0,-0.760966784,0.760966784
0.356924966,0.278321339,0.364753696,,,0.595508166,0.124288122,0.280203711,,,1,,1,,1,0,0,,-1.030229699,0,0,1.030229699,,-0.518340177,0,0,0.518340177
0.672014403,0.155200538,0.172785059,,,0.840389165,0.070838248,0.088772588,,,0,,2,,0,1,0,,0,-1.863037205,0,1.863037205,,0,-2.647356198,0,2.647356198
0.07948948,0.179618577,0.740891943,,,0.050370751,0.050502378,0.899126871,,,1,,1,,1,0,0,,-2.532130593,0,0,2.532130593,,-2.98834461,0,0,2.98834461
0.297070466,0.199806802,0.503122732,,,0.2931121,0.127769384,0.579118516,,,1,,1,,1,0,0,,-1.213785909,0,0,1.213785909,,-1.227200149,0,0,1.227200149
0.303087649,0.29474921,0.40216314,,,0.52535273,0.131274698,0.343372572,,,0,,2,,0,1,0,,0,-1.22163042,0,1.22163042,,0,-2.03046322,0,2.03046322
0.68638815,0.219755702,0.093856148,,,0.806705008,0.081490982,0.11180401,,,0,,2,,0,1,0,,0,-1.515238795,0,1.515238795,,0,-2.507262915,0,2.507262915
0.613581944,0.202985956,0.1834321,,,0.631317366,0.12030641,0.248376224,,,1,,1,,1,0,0,,-0.488441456,0,0,0.488441456,,-0.459946586,0,0,0.459946586
0.642069151,0.226843167,0.131087682,,,0.658568185,0.114963777,0.226468039,,,1,,1,,1,0,0,,-0.443059269,0,0,0.443059269,,-0.417687217,0,0,0.417687217
0.41267001,0.246120661,0.341209328,,,0.321941218,0.131749981,0.546308802,,,0,,2,,0,1,0,,0,-1.401933371,0,1.401933371,,0,-2.026849236,0,2.026849236
0.404106282,0.228675182,0.367218537,,,0.156987664,0.096724861,0.746287475,,,0,,2,,0,1,0,,0,-1.475452702,0,1.475452702,,0,-2.335884815,0,2.335884815
0.761314364,0.165520168,0.073165468,,,0.788390012,0.086261761,0.125348227,,,1,,1,,1,0,0,,-0.272708913,0,0,0.272708913,,-0.237762372,0,0,0.237762372
0.540609357,0.246128898,0.213261745,,,0.736140267,0.098997723,0.164862009,,,1,,1,,1,0,0,,-0.615058337,0,0,0.615058337,,-0.306334598,0,0,0.306334598
0.464944485,0.276631378,0.258424137,,,0.528442048,0.132021345,0.339536607,,,-1,,3,,0,0,1,,0,0,-1.353153102,1.353153102,,0,0,-1.080173512,1.080173512
0.279866888,0.212735238,0.507397874,,,0.264118696,0.122780857,0.613100447,,,1,,1,,1,0,0,,-1.273441189,0,0,1.273441189,,-1.331356671,0,0,1.331356671
0.451518763,0.215395394,0.333085843,,,0.488812296,0.135736242,0.375451461,,,-1,,3,,0,0,1,,0,0,-1.099355035,1.099355035,,0,0,-0.979626081,0.979626081
0.668065073,0.149466165,0.182468763,,,0.852007841,0.06594117,0.082050989,,,1,,1,,1,0,0,,-0.403369696,0,0,0.403369696,,-0.160159549,0,0,0.160159549
0.12436012,0.236875635,0.638764245,,,0.118371776,0.082377117,0.799251107,,,0,,2,,0,1,0,,0,-1.440220022,0,1.440220022,,0,-2.496447587,0,2.496447587
0.147505184,0.190510795,0.661984021,,,0.117580697,0.082230232,0.800189071,,,-1,,3,,0,0,1,,0,0,-0.412513861,0.412513861,,0,0,-0.22290724,0.22290724
0.226418858,0.176199819,0.597381322,,,0.284534369,0.137943803,0.577521829,,,-1,,3,,0,0,1,,0,0,-0.515199639,0.515199639,,0,0,-0.549009038,0.549009038
0.258646528,0.303164462,0.43818901,,,0.754015491,0.096203175,0.149781335,,,0,,2,,0,1,0,,0,-1.193479842,0,1.193479842,,0,-2.341292918,0,2.341292918
0.14086099,0.183401721,0.675737288,,,0.343979229,0.131366761,0.52465401,,,-1,,3,,0,0,1,,0,0,-0.391950906,0.391950906,,0,0,-0.645016262,0.645016262
0.703989571,0.184655837,0.111354592,,,0.861031421,0.063620798,0.075347781,,,1,,1,,1,0,0,,-0.350991737,0,0,0.350991737,,-0.149624282,0,0,0.149624282
0.387905627,0.236561807,0.375532566,,,0.717474463,0.103384221,0.179141316,,,-1,,3,,0,0,1,,0,0,-0.979410085,0.979410085,,0,0,-1.71958031,1.71958031
0.335999077,0.270624975,0.393375947,,,0.393733455,0.135006974,0.471259571,,,1,,1,,1,0,0,,-1.090646866,0,0,1.090646866,,-0.932081109,0,0,0.932081109
0.59688275,0.190484069,0.212633181,,,0.723336497,0.104173255,0.172490248,,,-1,,3,,0,0,1,,0,0,-1.548186753,1.548186753,,0,0,-1.757414577,1.757414577
0.551549981,0.210305761,0.238144259,,,0.555658868,0.128710213,0.315630919,,,1,,1,,1,0,0,,-0.595022817,0,0,0.595022817,,-0.58760072,0,0,0.58760072
0.635756232,0.180298647,0.18394512,,,0.838840923,0.070399134,0.090759943,,,1,,1,,1,0,0,,-0.452940072,0,0,0.452940072,,-0.175734194,0,0,0.175734194
0.317462934,0.372280185,0.310256881,,,0.590623153,0.131172086,0.27820476,,,0,,2,,0,1,0,,0,-0.988108523,0,0.988108523,,0,-2.031245184,0,2.031245184
0.32789088,0.250452092,0.421657027,,,0.328497295,0.131436694,0.540066011,,,-1,,3,,0,0,1,,0,0,-0.863563028,0.863563028,,0,0,-0.616063904,0.616063904
0.664239806,0.182723591,0.153036603,,,0.541376379,0.13443137,0.324192252,,,1,,1,,1,0,0,,-0.409112041,0,0,0.409112041,,-0.613640532,0,0,0.613640532
0.137333001,0.150644397,0.712022602,,,0.150876407,0.094816218,0.754307374,,,1,,1,,1,0,0,,-1.985346638,0,0,1.985346638,,-1.891294274,0,0,1.891294274
0.477297636,0.234944182,0.287758182,,,0.435407047,0.13529821,0.429294743,,,0,,2,,0,1,0,,0,-1.448407316,0,1.448407316,,0,-2.000273974,0,2.000273974
0.542935422,0.336307114,0.120757464,,,0.570607454,0.132791941,0.296600605,,,1,,1,,1,0,0,,-0.610764894,0,0,0.610764894,,-0.561053777,0,0,0.561053777
0.548261871,0.283865812,0.167872317,,,0.537384711,0.13856077,0.32405452,,,-1,,3,,0,0,1,,0,0,-1.784551606,1.784551606,,0,0,-1.126843506,1.126843506
0.76582942,0.134602807,0.099567773,,,0.511851808,0.139307137,0.348841055,,,1,,1,,1,0,0,,-0.266795823,0,0,0.266795823,,-0.669720133,0,0,0.669720133
0.148937733,0.206981666,0.644080601,,,0.322049503,0.133085715,0.544864782,,,0,,2,,0,1,0,,0,-1.57512506,0,1.57512506,,0,-2.016761885,0,2.016761885
0.245631064,0.241209359,0.513159577,,,0.194157763,0.108814987,0.69702725,,,-1,,3,,0,0,1,,0,0,-0.667168416,0.667168416,,0,0,-0.360930773,0.360930773
0.220255255,0.2943226,0.485422145,,,0.302790675,0.127851856,0.569357469,,,1,,1,,1,0,0,,-1.512968155,0,0,1.512968155,,-1.194713554,0,0,1.194713554
0.497394028,0.228009893,0.27459608,,,0.778120327,0.090926774,0.130952899,,,1,,1,,1,0,0,,-0.698372754,0,0,0.698372754,,-0.250874105,0,0,0.250874105
0.542518825,0.255814083,0.201667092,,,0.88666443,0.05670435,0.05663122,,,1,,1,,1,0,0,,-0.611532494,0,0,0.611532494,,-0.120288688,0,0,0.120288688
0.593727234,0.159067594,0.247205172,,,0.582127336,0.126345164,0.2915275,,,1,,1,,1,0,0,,-0.521335267,0,0,0.521335267,,-0.541066065,0,0,0.541066065
0.478379044,0.216915115,0.304705842,,,0.672605056,0.11705155,0.210343395,,,1,,1,,1,0,0,,-0.737351882,0,0,0.737351882,,-0.396596963,0,0,0.396596963
0.30830047,0.257476903,0.434222627,,,0.414240194,0.134647065,0.451112742,,,-1,,3,,0,0,1,,0,0,-0.834197911,0.834197911,,0,0,-0.796037988,0.796037988
0.47506464,0.202397734,0.322537626,,,0.594386072,0.126150156,0.279463771,,,1,,1,,1,0,0,,-0.7443044,0,0,0.7443044,,-0.520226218,0,0,0.520226218
0.736158971,0.200610216,0.063230813,,,0.899965543,0.049357757,0.0506767,,,1,,1,,1,0,0,,-0.30630919,0,0,0.30630919,,-0.105398802,0,0,0.105398802
0.773950947,0.136568061,0.089480992,,,0.953338771,0.025679256,0.020981973,,,1,,1,,1,0,0,,-0.256246783,0,0,0.256246783,,-0.04778496,0,0,0.04778496
0.4217693,0.175820895,0.402409805,,,0.55527112,0.133468627,0.311260253,,,0,,2,,0,1,0,,0,-1.738289444,0,1.738289444,,0,-2.013888833,0,2.013888833
0.153626051,0.15634476,0.690029188,,,0.075278716,0.06277509,0.861946194,,,-1,,3,,0,0,1,,0,0,-0.371021381,0.371021381,,0,0,-0.14856243,0.14856243
0.556049922,0.252203384,0.191746694,,,0.431726359,0.138286888,0.429986754,,,1,,1,,1,0,0,,-0.586897201,0,0,0.586897201,,-0.83996332,0,0,0.83996332
0.31968829,0.268890169,0.411421541,,,0.106422965,0.08250064,0.811076395,,,-1,,3,,0,0,1,,0,0,-0.888136943,0.888136943,,0,0,-0.209393031,0.209393031
0.614919305,0.187007491,0.198073204,,,0.596119243,0.13205199,0.271828767,,,1,,1,,1,0,0,,-0.486264231,0,0,0.486264231,,-0.51731456,0,0,0.51731456
0.537046996,0.239428211,0.223524794,,,0.791745518,0.086143688,0.122110793,,,1,,1,,1,0,0,,-0.621669672,0,0,0.621669672,,-0.233515254,0,0,0.233515254
0.45021113,0.297869196,0.251919675,,,0.375803078,0.135128035,0.489068886,,,1,,1,,1,0,0,,-0.798038628,0,0,0.798038628,,-0.978690002,0,0,0.978690002
0.344980631,0.268491146,0.386528222,,,0.365657893,0.133095225,0.501246882,,,1,,1,,1,0,0,,-1.064267006,0,0,1.064267006,,-1.006057101,0,0,1.006057101
0.093226057,0.137848897,0.768925046,,,0.168895766,0.100009369,0.731094865,,,-1,,3,,0,0,1,,0,0,-0.262761784,0.262761784,,0,0,-0.313212053,0.313212053
0.119758673,0.268868101,0.611373227,,,0.295429558,0.12912276,0.575447683,,,0,,2,,0,1,0,,0,-1.31353435,0,1.31353435,,0,-2.046991699,0,2.046991699
0.302472456,0.298018436,0.399509108,,,0.755074042,0.10024118,0.144684778,,,-1,,3,,0,0,1,,0,0,-0.917518716,0.917518716,,0,0,-1.933197848,1.933197848
0.277007391,0.237833383,0.485159227,,,0.378410227,0.133502543,0.48808723,,,1,,1,,1,0,0,,-1.283711091,0,0,1.283711091,,-0.971776415,0,0,0.971776415
0.224148591,0.239973786,0.535877623,,,0.431882598,0.135229504,0.432887898,,,-1,,3,,0,0,1,,0,0,-0.623849459,0.623849459,,0,0,-0.837276481,0.837276481
0.691447848,0.178693142,0.129859011,,,0.695208905,0.107961658,0.196829437,,,1,,1,,1,0,0,,-0.368967549,0,0,0.368967549,,-0.363542896,0,0,0.363542896
0.296769208,0.331360443,0.371870349,,,0.325077149,0.142564946,0.532357906,,,1,,1,,1,0,0,,-1.21480052,0,0,1.21480052,,-1.123692743,0,0,1.123692743
0.099552353,0.183163383,0.717284264,,,0.441668648,0.140988691,0.417342661,,,1,,1,,1,0,0,,-2.307071612,0,0,2.307071612,,-0.817195343,0,0,0.817195343
0.787380227,0.137625308,0.074994465,,,0.975303594,0.015103927,0.009592479,,,1,,1,,1,0,0,,-0.239044013,0,0,0.239044013,,-0.025006478,0,0,0.025006478
0.86506316,0.104681669,0.030255171,,,0.97950083,0.012924531,0.00757464,,,1,,1,,1,0,0,,-0.144952757,0,0,0.144952757,,-0.020712194,0,0,0.020712194
0.632652698,0.215914292,0.15143301,,,0.713596775,0.104739451,0.181663775,,,0,,2,,0,1,0,,0,-1.532873746,0,1.532873746,,0,-2.256279432,0,2.256279432
0.590728099,0.157241894,0.252030007,,,0.403481742,0.140751335,0.455766923,,,1,,1,,1,0,0,,-0.526399437,0,0,0.526399437,,-0.907624041,0,0,0.907624041
0.504784528,0.251944031,0.243271441,,,0.521057662,0.13793185,0.341010488,,,0,,2,,0,1,0,,0,-1.378548315,0,1.378548315,,0,-1.980995556,0,1.980995556
0.211296893,0.202328133,0.586374973,,,0.158520159,0.098498171,0.74298167,,,-1,,3,,0,0,1,,0,0,-0.533795808,0.533795808,,0,0,-0.297083905,0.297083905
0.600546899,0.242755636,0.156697465,,,0.488435069,0.133669106,0.377895824,,,1,,1,,1,0,0,,-0.509914541,0,0,0.509914541,,-0.716548735,0,0,0.716548735
0.017188392,0.123272727,0.85953888,,,0.125222999,0.085331394,0.789445607,,,-1,,3,,0,0,1,,0,0,-0.15135922,0.15135922,,0,0,-0.236424343,0.236424343
0.284798419,0.240773757,0.474427824,,,0.366733648,0.134813381,0.49845297,,,1,,1,,1,0,0,,-1.255973651,0,0,1.255973651,,-1.003119449,0,0,1.003119449
0.041485927,0.090349845,0.868164228,,,0.028663414,0.032305765,0.939030821,,,-1,,3,,0,0,1,,0,0,-0.141374379,0.141374379,,0,0,-0.062906977,0.062906977
0.564734868,0.226489216,0.208775916,,,0.295606742,0.126358453,0.578034806,,,-1,,3,,0,0,1,,0,0,-1.566493774,1.566493774,,0,0,-0.548121194,0.548121194
0.254430667,0.233451279,0.512118055,,,0.1796209,0.105012927,0.715366172,,,1,,1,,1,0,0,,-1.368726908,0,0,1.368726908,,-1.71690676,0,0,1.71690676
0.455239707,0.325454837,0.219305456,,,0.661071094,0.117165609,0.221763297,,,1,,1,,1,0,0,,-0.78693117,0,0,0.78693117,,-0.41389389,0,0,0.41389389
0.43630066,0.221219191,0.342480149,,,0.580930017,0.126800947,0.292269036,,,1,,1,,1,0,0,,-0.829423686,0,0,0.829423686,,-0.543124982,0,0,0.543124982
0.47537376,0.218612774,0.306013466,,,0.753163531,0.095137465,0.151699004,,,1,,1,,1,0,0,,-0.743653921,0,0,0.743653921,,-0.283472902,0,0,0.283472902
0.384903256,0.255773739,0.359323005,,,0.3043615,0.127389084,0.568249416,,,-1,,3,,0,0,1,,0,0,-1.02353356,1.02353356,,0,0,-0.565194844,0.565194844
0.150921989,0.193319908,0.655758103,,,0.144032521,0.093373665,0.762593814,,,-1,,3,,0,0,1,,0,0,-0.421963303,0.421963303,,0,0,-0.271029743,0.271029743
0.593337106,0.231699939,0.174962954,,,0.688491,0.109366629,0.202142371,,,1,,1,,1,0,0,,-0.521992566,0,0,0.521992566,,-0.373253033,0,0,0.373253033
0.673077171,0.182177028,0.144745801,,,0.613610181,0.123292907,0.263096912,,,1,,1,,1,0,0,,-0.395895289,0,0,0.395895289,,-0.488395437,0,0,0.488395437
0.612061044,0.203249766,0.184689191,,,0.603528046,0.123787918,0.272684037,,,1,,1,,1,0,0,,-0.490923256,0,0,0.490923256,,-0.504962767,0,0,0.504962767
0.393782926,0.238799489,0.367417586,,,0.392686865,0.135382476,0.471930659,,,1,,1,,1,0,0,,-0.931955471,0,0,0.931955471,,-0.934742766,0,0,0.934742766
0.650931653,0.175767594,0.173300753,,,0.837361026,0.072920979,0.089717995,,,1,,1,,1,0,0,,-0.42935063,0,0,0.42935063,,-0.177499968,0,0,0.177499968
0.698595603,0.209084281,0.092320116,,,0.684765043,0.109944414,0.205290544,,,1,,1,,1,0,0,,-0.358683241,0,0,0.358683241,,-0.378679502,0,0,0.378679502
0.861605679,0.094750216,0.043644105,,,0.99841954,0.001295737,0.000284723,,,1,,1,,1,0,0,,-0.148957562,0,0,0.148957562,,-0.00158171,0,0,0.00158171
3.92995E-12,0.159653212,0.840346788,,,0.285116536,0.12528788,0.589595584,,,-1,,3,,0,0,1,,0,0,-0.173940629,0.173940629,,0,0,-0.528318428,0.528318428
0.672017102,0.160675923,0.167306975,,,0.786816185,0.087559105,0.12562471,,,-1,,3,,0,0,1,,0,0,-1.78792498,1.78792498,,0,0,-2.074456309,2.074456309
0.180727286,0.274386954,0.54488576,,,0.32018648,0.130564178,0.549249342,,,-1,,3,,0,0,1,,0,0,-0.607179121,0.607179121,,0,0,-0.599202766,0.599202766
0.454797008,0.395077007,0.150125985,,,0.583155408,0.133946056,0.282898536,,,-1,,3,,0,0,1,,0,0,-1.896280437,1.896280437,,0,0,-1.262666976,1.262666976
0.322811345,0.205087426,0.47210123,,,0.519485868,0.131909444,0.348604688,,,1,,1,,1,0,0,,-1.130687198,0,0,1.130687198,,-0.654915672,0,0,0.654915672
0.603677941,0.196652114,0.199669944,,,0.807904402,0.079863441,0.112232157,,,1,,1,,1,0,0,,-0.504714434,0,0,0.504714434,,-0.213311542,0,0,0.213311542
0.47218347,0.305250267,0.222566263,,,0.559476627,0.137065558,0.303457815,,,-1,,3,,0,0,1,,0,0,-1.50253041,1.50253041,,0,0,-1.192512673,1.192512673
0.756442073,0.171067234,0.072490693,,,0.8059074,0.080411152,0.113681448,,,1,,1,,1,0,0,,-0.279129321,0,0,0.279129321,,-0.215786431,0,0,0.215786431
0.367445125,0.207759804,0.424795071,,,0.387796126,0.138811244,0.47339263,,,-1,,3,,0,0,1,,0,0,-0.856148412,0.856148412,,0,0,-0.74783015,0.74783015
0.369251269,0.220378478,0.410370253,,,0.447924808,0.138879223,0.413195969,,,1,,1,,1,0,0,,-0.996277921,0,0,0.996277921,,-0.8031299,0,0,0.8031299
0.176704363,0.201378834,0.621916803,,,0.220466966,0.113296821,0.666236213,,,1,,1,,1,0,0,,-1.733277208,0,0,1.733277208,,-1.512007409,0,0,1.512007409
0.234371865,0.258115645,0.50751249,,,0.554017956,0.128875446,0.317106598,,,1,,1,,1,0,0,,-1.450846258,0,0,1.450846258,,-0.590558181,0,0,0.590558181
0.451124676,0.208574312,0.340301011,,,0.759882911,0.095798526,0.144318563,,,1,,1,,1,0,0,,-0.796011534,0,0,0.796011534,,-0.274590922,0,0,0.274590922
0.059662975,0.170511626,0.769825399,,,0.035934984,0.039516018,0.924548999,,,-1,,3,,0,0,1,,0,0,-0.261591544,0.261591544,,0,0,-0.078449229,0.078449229
0.567136351,0.251048143,0.181815506,,,0.701062254,0.107413233,0.191524514,,,1,,1,,1,0,0,,-0.567155526,0,0,0.567155526,,-0.355158588,0,0,0.355158588
0.272840165,0.203453714,0.523706122,,,0.332415438,0.13070041,0.536884152,,,-1,,3,,0,0,1,,0,0,-0.646824588,0.646824588,,0,0,-0.62197294,0.62197294
0.52539647,0.219774938,0.254828592,,,0.601095824,0.126907642,0.271996535,,,-1,,3,,0,0,1,,0,0,-1.367164148,1.367164148,,0,0,-1.301965952,1.301965952
0.674213539,0.162444558,0.163341903,,,0.829639946,0.073210667,0.097149387,,,1,,1,,1,0,0,,-0.394208395,0,0,0.394208395,,-0.186763472,0,0,0.186763472
0.67609621,0.164598924,0.159304866,,,0.654922696,0.115335501,0.229741804,,,-1,,3,,0,0,1,,0,0,-1.836935516,1.836935516,,0,0,-1.470799192,1.470799192
0.260259034,0.287787144,0.451953822,,,0.447475477,0.13468868,0.417835844,,,-1,,3,,0,0,1,,0,0,-0.794175268,0.794175268,,0,0,-0.872666641,0.872666641
0.391397861,0.249730736,0.358871403,,,0.351835791,0.132211825,0.515952383,,,0,,2,,0,1,0,,0,-1.387371998,0,1.387371998,,0,-2.023349908,0,2.023349908
0.409729441,0.264798733,0.325471825,,,0.739286378,0.101899797,0.158813825,,,0,,2,,0,1,0,,0,-1.32878524,0,1.32878524,,0,-2.283765331,0,2.283765331
0.580809969,0.293559141,0.12563089,,,0.405354321,0.136776609,0.457869069,,,1,,1,,1,0,0,,-0.543331651,0,0,0.543331651,,-0.902993728,0,0,0.902993728
0.463042807,0.220078031,0.316879161,,,0.441750247,0.135191134,0.423058619,,,1,,1,,1,0,0,,-0.769935773,0,0,0.769935773,,-0.817010609,0,0,0.817010609
0.695715294,0.179277201,0.125007505,,,0.674854376,0.111741783,0.213403841,,,-1,,3,,0,0,1,,0,0,-2.079381503,2.079381503,,0,0,-1.544568941,1.544568941
0.043831359,0.178765315,0.777403326,,,0.045664446,0.04728714,0.907048414,,,-1,,3,,0,0,1,,0,0,-0.251795982,0.251795982,,0,0,-0.097559452,0.097559452
0.798445919,0.117339193,0.084214888,,,0.903963795,0.048552324,0.047483881,,,0,,2,,0,1,0,,0,-2.142686453,0,2.142686453,,0,-3.025113217,0,3.025113217
0.546817865,0.236256099,0.216926036,,,0.358165546,0.133073636,0.508760817,,,0,,2,,0,1,0,,0,-1.442838897,0,1.442838897,,0,-2.01685265,0,2.01685265
0.630531203,0.177220714,0.192248083,,,0.874857338,0.05933873,0.065803931,,,1,,1,,1,0,0,,-0.461192636,0,0,0.461192636,,-0.133694448,0,0,0.133694448
0.244977217,0.2135808,0.541441983,,,0.537749707,0.130423085,0.331827208,,,1,,1,,1,0,0,,-1.406590065,0,0,1.406590065,,-0.620362056,0,0,0.620362056
0.150652647,0.152456666,0.696890688,,,0.223928235,0.117854953,0.658216812,,,-1,,3,,0,0,1,,0,0,-0.361126713,0.361126713,,0,0,-0.4182209,0.4182209
0.846435615,0.151552258,0.002012127,,,0.930891973,0.036408633,0.032699394,,,1,,1,,1,0,0,,-0.166721141,0,0,0.166721141,,-0.071612042,0,0,0.071612042
0.581280443,0.198687435,0.220032123,,,0.821524765,0.075739467,0.102735768,,,-1,,3,,0,0,1,,0,0,-1.51398173,1.51398173,,0,0,-2.275594946,2.275594946
0.232649623,0.311035774,0.456314603,,,0.292741905,0.130351656,0.576906439,,,0,,2,,0,1,0,,0,-1.167847344,0,1.167847344,,0,-2.037519434,0,2.037519434
0.352199037,0.217479269,0.430321694,,,0.56978443,0.127297376,0.302918194,,,1,,1,,1,0,0,,-1.043558817,0,0,1.043558817,,-0.562497183,0,0,0.562497183
0.237006714,0.216839447,0.546153839,,,0.601357916,0.12370818,0.274933904,,,0,,2,,0,1,0,,0,-1.528598075,0,1.528598075,,0,-2.089829874,0,2.089829874
0.378858825,0.279929898,0.341211277,,,0.306011708,0.131231357,0.562756935,,,-1,,3,,0,0,1,,0,0,-1.075253413,1.075253413,,0,0,-0.574907476,0.574907476
0.431028799,0.284581666,0.284389535,,,0.287011935,0.141321096,0.571666969,,,0,,2,,0,1,0,,0,-1.256735016,0,1.256735016,,0,-1.956720701,0,1.956720701
0.314213167,0.19485434,0.490932494,,,0.463704056,0.134468275,0.401827669,,,1,,1,,1,0,0,,-1.157683648,0,0,1.157683648,,-0.768508741,0,0,0.768508741
0.051122332,0.090245833,0.858631835,,,0.005238986,0.010359011,0.984402003,,,-1,,3,,0,0,1,,0,0,-0.152415046,0.152415046,,0,0,-0.015720926,0.015720926
0.290229393,0.191373172,0.518397435,,,0.514831406,0.135860705,0.349307889,,,0,,2,,0,1,0,,0,-1.653529977,0,1.653529977,,0,-1.996125146,0,1.996125146
0.669118449,0.182675411,0.14820614,,,0.943243433,0.033323536,0.023433031,,,1,,1,,1,0,0,,-0.401794181,0,0,0.401794181,,-0.058430882,0,0,0.058430882
0.32726229,0.196491738,0.476245972,,,0.314599469,0.128564064,0.556836467,,,1,,1,,1,0,0,,-1.11699332,0,0,1.11699332,,-1.156454976,0,0,1.156454976
0.616231779,0.216139163,0.167629058,,,0.335105123,0.13362371,0.531271168,,,1,,1,,1,0,0,,-0.484132122,0,0,0.484132122,,-1.093310996,0,0,1.093310996
0.62549824,0.209336953,0.165164807,,,0.82025901,0.076717913,0.103023078,,,1,,1,,1,0,0,,-0.469206763,0,0,0.469206763,,-0.198135123,0,0,0.198135123
0.361930349,0.288546363,0.349523289,,,0.344282735,0.134526924,0.52119034,,,-1,,3,,0,0,1,,0,0,-1.051185084,1.051185084,,0,0,-0.651639968,0.651639968
0.038874594,0.278952763,0.682172643,,,0.152749273,0.103891255,0.743359471,,,-1,,3,,0,0,1,,0,0,-0.382472511,0.382472511,,0,0,-0.296575541,0.296575541
0.624969086,0.203200257,0.171830657,,,0.740503298,0.097909885,0.161586818,,,1,,1,,1,0,0,,-0.470053093,0,0,0.470053093,,-0.300425192,0,0,0.300425192
0.252959724,0.232582629,0.514457646,,,0.220882164,0.115105053,0.664012783,,,0,,2,,0,1,0,,0,-1.458509724,0,1.458509724,,0,-2.161910063,0,2.161910063
0.663414006,0.150484423,0.186101571,,,0.668758182,0.112981776,0.218260042,,,0,,2,,0,1,0,,0,-1.893895702,0,1.893895702,,0,-2.180528748,0,2.180528748
0.752756336,0.148805486,0.098438178,,,0.960015333,0.023376471,0.016608196,,,1,,1,,1,0,0,,-0.284013695,0,0,0.284013695,,-0.040806023,0,0,0.040806023
0.112275572,0.143767699,0.74395673,,,0.008768106,0.015655704,0.97557619,,,-1,,3,,0,0,1,,0,0,-0.295772404,0.295772404,,0,0,-0.024727018,0.024727018
0.141647269,0.129881713,0.728471018,,,0.255715757,0.120268981,0.624015262,,,-1,,3,,0,0,1,,0,0,-0.316807437,0.316807437,,0,0,-0.471580453,0.471580453
0.272233411,0.266475221,0.461291368,,,0.43464578,0.135119104,0.430235116,,,1,,1,,1,0,0,,-1.301095452,0,0,1.301095452,,-0.833223878,0,0,0.833223878
0.181915741,0.272239369,0.54584489,,,0.296544713,0.127599207,0.57585608,,,-1,,3,,0,0,1,,0,0,-0.605420428,0.605420428,,0,0,-0.551897511,0.551897511
0.285457009,0.229601644,0.484941347,,,0.424210813,0.135430106,0.44035908,,,0,,2,,0,1,0,,0,-1.471409454,0,1.471409454,,0,-1.999299595,0,1.999299595
0.757227788,0.211252977,0.031519235,,,0.686290447,0.11167621,0.202033344,,,1,,1,,1,0,0,,-0.278091162,0,0,0.278091162,,-0.376454349,0,0,0.376454349
0.588124114,0.187866458,0.224009428,,,0.8370055,0.070890176,0.092104324,,,-1,,3,,0,0,1,,0,0,-1.496067139,1.496067139,,0,0,-2.384833388,2.384833388
0.406732769,0.272882304,0.320384927,,,0.701093032,0.107291149,0.191615819,,,0,,2,,0,1,0,,0,-1.298714698,0,1.298714698,,0,-2.232209121,0,2.232209121
0.547828902,0.219183642,0.232987455,,,0.501239635,0.133786021,0.364974344,,,0,,2,,0,1,0,,0,-1.517845353,0,1.517845353,,0,-2.011513614,0,2.011513614
0.375505971,0.259060131,0.365433897,,,0.500531975,0.132964888,0.366503136,,,-1,,3,,0,0,1,,0,0,-1.006669873,1.006669873,,0,0,-1.003748201,1.003748201
